日期,股票代码,开盘价,收盘价,最高价,最低价,成交量,成交额,振幅,涨跌幅,涨跌额,换手率
2020-01-02,600036,30.35,31.2,31.44,30.34,826245,3191180656.0,3.68,4.35,1.3,0.4
2020-01-03,600036,31.27,31.72,31.94,31.24,520106,2045230272.0,2.24,1.67,0.52,0.25
2020-01-06,600036,31.51,31.56,32.48,31.22,548877,2171575504.0,3.97,-0.5,-0.16,0.27
2020-01-07,600036,31.87,31.47,32.26,31.42,347671,1369304768.0,2.66,-0.29,-0.09,0.17
2020-01-08,600036,31.27,30.73,31.27,30.73,363234,1403861104.0,1.72,-2.35,-0.74,0.18
2020-01-09,600036,31.16,31.22,31.32,30.9,303360,1177003664.0,1.37,1.59,0.49,0.15
2020-01-10,600036,31.22,31.36,31.6,31.07,285931,1116903168.0,1.7,0.45,0.14,0.14
2020-01-13,600036,31.6,31.42,31.6,31.07,327809,1279073024.0,1.69,0.19,0.06,0.16
2020-01-14,600036,31.46,31.13,31.95,31.02,335646,1314430608.0,2.96,-0.92,-0.29,0.16
2020-01-15,600036,31.16,30.44,31.21,30.34,488599,1870048768.0,2.79,-2.22,-0.69,0.24
2020-01-16,600036,30.54,30.28,30.67,30.08,453848,1723277984.0,1.94,-0.53,-0.16,0.22
2020-01-17,600036,30.38,30.25,30.49,30.0,421357,1595789856.0,1.62,-0.1,-0.03,0.2
2020-01-20,600036,30.54,30.63,30.97,30.32,585809,2244268944.0,2.15,1.26,0.38,0.28
2020-01-21,600036,30.27,30.11,30.47,30.02,417202,1580332560.0,1.47,-1.7,-0.52,0.2
2020-01-22,600036,30.02,30.14,30.42,29.47,531255,2000618544.0,3.16,0.1,0.03,0.26
2020-01-23,600036,29.85,29.13,30.02,28.77,787503,2912304576.0,4.15,-3.35,-1.01,0.38
2020-02-03,600036,26.12,27.35,27.82,26.12,1131062,3944795008.0,5.84,-6.11,-1.78,0.55
2020-02-04,600036,27.36,27.67,27.8,27.0,1229677,4313054464.0,2.93,1.17,0.32,0.6
2020-02-05,600036,27.66,27.68,27.83,27.15,802572,2826862592.0,2.46,0.04,0.01,0.39
2020-02-06,600036,27.82,28.07,28.15,27.45,730702,2589474704.0,2.53,1.41,0.39,0.35
2020-02-07,600036,27.42,27.74,27.78,27.33,675525,2374190016.0,1.6,-1.18,-0.33,0.33
2020-02-10,600036,27.45,27.42,27.56,27.27,575042,2016401936.0,1.05,-1.15,-0.32,0.28
2020-02-11,600036,27.62,27.89,28.17,27.47,557436,1983770032.0,2.55,1.71,0.47,0.27
2020-02-12,600036,27.82,27.92,27.98,27.56,405390,1437178000.0,1.51,0.11,0.03,0.2
2020-02-13,600036,27.85,27.59,27.87,27.52,422351,1493775792.0,1.25,-1.18,-0.33,0.2
2020-02-14,600036,27.53,27.96,28.03,27.53,403397,1431806480.0,1.81,1.34,0.37,0.2
2020-02-17,600036,27.95,28.49,28.49,27.7,669425,2396661840.0,2.83,1.9,0.53,0.32
2020-02-18,600036,28.32,28.02,28.32,27.92,516397,1846260240.0,1.4,-1.65,-0.47,0.25
2020-02-19,600036,27.92,27.85,28.21,27.78,419521,1496142160.0,1.53,-0.61,-0.17,0.2
2020-02-20,600036,27.98,28.3,28.37,27.52,746006,2658121248.0,3.05,1.62,0.45,0.36
2020-02-21,600036,28.22,27.96,28.25,27.79,730315,2603112496.0,1.63,-1.2,-0.34,0.35
2020-02-24,600036,27.81,27.37,28.01,27.35,798565,2812039824.0,2.36,-2.11,-0.59,0.39
2020-02-25,600036,27.13,26.95,27.4,26.82,873734,3032212320.0,2.12,-1.53,-0.42,0.42
2020-02-26,600036,26.73,27.15,27.31,26.57,779705,2707591824.0,2.75,0.74,0.2,0.38
2020-02-27,600036,27.11,27.54,27.67,27.02,689379,2422074080.0,2.39,1.44,0.39,0.33
2020-02-28,600036,27.17,26.52,27.5,26.52,835341,2885398352.0,3.56,-3.7,-1.02,0.4
2020-03-02,600036,26.56,27.07,27.2,26.42,704291,2438029168.0,2.94,2.07,0.55,0.34
2020-03-03,600036,27.25,26.94,27.42,26.74,686073,2380418304.0,2.51,-0.48,-0.13,0.33
2020-03-04,600036,27.0,27.1,27.12,26.76,560886,1941800192.0,1.34,0.59,0.16,0.27
2020-03-05,600036,27.31,28.55,28.64,27.12,1355413,4840609024.0,5.61,5.35,1.45,0.66
2020-03-06,600036,28.16,27.73,28.34,27.73,670674,2389764960.0,2.14,-2.87,-0.82,0.33
2020-03-09,600036,27.2,26.5,27.2,26.5,966592,3318066992.0,2.52,-4.44,-1.23,0.47
2020-03-10,600036,26.51,27.0,27.26,26.4,668298,2309858480.0,3.25,1.89,0.5,0.32
2020-03-11,600036,27.08,26.77,27.31,26.73,566551,1965764176.0,2.15,-0.85,-0.23,0.27
2020-03-12,600036,26.69,26.48,26.91,26.34,619180,2118258080.0,2.13,-1.08,-0.29,0.3
2020-03-13,600036,25.12,25.73,25.88,24.72,1140958,3748370240.0,4.38,-2.83,-0.75,0.55
2020-03-16,600036,25.71,23.99,25.71,23.96,1066027,3445337104.0,6.8,-6.76,-1.74,0.52
2020-03-17,600036,23.97,24.05,24.93,23.43,843441,2675433584.0,6.25,0.25,0.06,0.41
2020-03-18,600036,24.2,23.14,24.6,23.08,824317,2604923488.0,6.32,-3.78,-0.91,0.4
2020-03-19,600036,22.8,21.63,22.8,21.03,1559457,4591894272.0,7.65,-6.53,-1.51,0.76
2020-03-20,600036,22.12,23.36,23.43,22.12,1343153,4101898416.0,6.06,8.0,1.73,0.65
2020-03-23,600036,22.33,22.48,22.83,22.2,928971,2804113440.0,2.7,-3.77,-0.88,0.45
2020-03-24,600036,23.47,23.83,23.97,23.13,825359,2585549440.0,3.74,6.01,1.35,0.4
2020-03-25,600036,24.55,24.81,25.0,24.49,809527,2629580320.0,2.14,4.11,0.98,0.39
2020-03-26,600036,24.42,25.04,25.74,24.38,694636,2281461456.0,5.48,0.93,0.23,0.34
2020-03-27,600036,25.44,25.04,25.65,24.8,581775,1911127952.0,3.39,0.0,0.0,0.28
2020-03-30,600036,24.5,24.97,25.04,24.12,477494,1541068112.0,3.67,-0.28,-0.07,0.23
2020-03-31,600036,25.24,24.6,25.3,24.48,377540,1228383296.0,3.28,-1.48,-0.37,0.18
2020-04-01,600036,24.44,24.45,24.97,24.32,358143,1157345792.0,2.64,-0.61,-0.15,0.17
2020-04-02,600036,24.07,24.66,24.66,24.03,289601,929189680.0,2.58,0.86,0.21,0.14
2020-04-03,600036,24.32,24.47,24.64,24.31,251618,808697600.0,1.34,-0.77,-0.19,0.12
2020-04-07,600036,25.16,24.84,25.2,24.72,431844,1406732992.0,1.96,1.51,0.37,0.21
2020-04-08,600036,24.82,24.54,24.82,24.44,318134,1024956352.0,1.53,-1.21,-0.3,0.15
2020-04-09,600036,24.61,24.62,24.67,24.43,286646,924260480.0,0.98,0.33,0.08,0.14
2020-04-10,600036,24.73,24.42,24.88,24.23,437432,1409435232.0,2.64,-0.81,-0.2,0.21
2020-04-13,600036,24.24,24.25,24.52,24.14,230555,737876560.0,1.56,-0.7,-0.17,0.11
2020-04-14,600036,24.5,25.03,25.03,24.4,427079,1386006864.0,2.6,3.22,0.78,0.21
2020-04-15,600036,24.91,24.74,24.95,24.64,237838,771129184.0,1.24,-1.16,-0.29,0.12
2020-04-16,600036,24.52,24.42,24.73,24.28,295000,947452272.0,1.82,-1.29,-0.32,0.14
2020-04-17,600036,24.77,25.18,25.52,24.66,697952,2293965392.0,3.52,3.11,0.76,0.34
2020-04-20,600036,25.21,25.22,25.4,24.87,336024,1104349248.0,2.1,0.16,0.04,0.16
2020-04-21,600036,25.22,24.97,25.36,24.9,328715,1077331040.0,1.82,-0.99,-0.25,0.16
2020-04-22,600036,24.77,25.05,25.07,24.65,279435,910099520.0,1.68,0.32,0.08,0.14
2020-04-23,600036,25.14,25.01,25.28,24.97,246146,807219184.0,1.24,-0.16,-0.04,0.12
2020-04-24,600036,25.04,24.83,25.04,24.73,222598,723766560.0,1.24,-0.72,-0.18,0.11
2020-04-27,600036,25.07,25.9,26.3,25.04,653415,2197523216.0,5.07,4.31,1.07,0.32
2020-04-28,600036,25.92,26.18,26.22,25.62,366511,1234430064.0,2.32,1.08,0.28,0.18
2020-04-29,600036,26.22,27.34,27.42,26.21,658766,2288732960.0,4.62,4.43,1.16,0.32
2020-04-30,600036,27.47,27.41,28.37,27.37,715332,2544804896.0,3.66,0.26,0.07,0.35
2020-05-06,600036,26.85,26.95,27.1,26.5,501736,1731704272.0,2.19,-1.68,-0.46,0.24
2020-05-07,600036,26.92,26.77,26.94,26.37,299485,1028793472.0,2.12,-0.67,-0.18,0.15
2020-05-08,600036,27.09,27.29,27.5,26.87,392155,1371649840.0,2.35,1.94,0.52,0.19
2020-05-11,600036,27.3,27.28,27.8,27.2,295848,1040649472.0,2.2,-0.04,-0.01,0.14
2020-05-12,600036,27.31,26.91,27.36,26.76,349634,1213003376.0,2.2,-1.36,-0.37,0.17
2020-05-13,600036,26.72,26.86,27.0,26.42,279835,961672944.0,2.16,-0.19,-0.05,0.14
2020-05-14,600036,26.71,26.25,26.74,26.12,420630,1430362912.0,2.31,-2.27,-0.61,0.2
2020-05-15,600036,26.51,26.17,26.58,26.02,361928,1226127440.0,2.13,-0.3,-0.08,0.18
2020-05-18,600036,25.94,26.12,26.62,25.83,363701,1233862752.0,3.02,-0.19,-0.05,0.18
2020-05-19,600036,26.72,26.59,26.8,26.38,264304,904985392.0,1.61,1.8,0.47,0.13
2020-05-20,600036,26.59,27.0,27.35,26.42,380518,1313430544.0,3.5,1.54,0.41,0.18
2020-05-21,600036,27.23,27.05,27.5,26.98,362527,1263004928.0,1.93,0.19,0.05,0.18
2020-05-22,600036,26.81,25.95,27.01,25.93,423964,1439086672.0,3.99,-4.07,-1.1,0.21
2020-05-25,600036,26.24,25.41,26.26,25.22,432649,1434823008.0,4.01,-2.08,-0.54,0.21
2020-05-26,600036,25.62,25.75,25.81,25.41,322461,1072932144.0,1.57,1.34,0.34,0.16
2020-05-27,600036,25.89,25.75,26.3,25.56,320833,1077247856.0,2.87,0.0,0.0,0.16
2020-05-28,600036,25.9,26.54,27.02,25.75,693623,2378620608.0,4.93,3.07,0.79,0.34
2020-05-29,600036,26.18,26.14,26.45,26.02,372375,1260905552.0,1.62,-1.51,-0.4,0.18
2020-06-01,600036,26.47,27.14,27.29,26.42,488237,1693982688.0,3.33,3.83,1.0,0.24
2020-06-02,600036,26.87,27.36,27.58,26.86,492957,1726597712.0,2.65,0.81,0.22,0.24
2020-06-03,600036,27.77,27.54,28.32,27.34,610187,2169754928.0,3.58,0.66,0.18,0.3
2020-06-04,600036,27.82,27.47,27.87,27.39,257561,909222192.0,1.74,-0.25,-0.07,0.12
2020-06-05,600036,27.62,27.56,27.79,27.13,327173,1146499648.0,2.4,0.33,0.09,0.16
2020-06-08,600036,27.87,27.99,28.51,27.82,501810,1796585376.0,2.5,1.56,0.43,0.24
2020-06-09,600036,27.93,27.85,28.01,27.58,300931,1067277936.0,1.54,-0.5,-0.14,0.15
2020-06-10,600036,27.96,27.66,27.97,27.5,272731,964770416.0,1.69,-0.68,-0.19,0.13
2020-06-11,600036,27.53,26.79,27.64,26.63,588927,2040709552.0,3.65,-3.15,-0.87,0.29
2020-06-12,600036,26.31,26.82,26.82,26.02,546616,1865053472.0,2.99,0.11,0.03,0.26
2020-06-15,600036,26.36,25.89,26.5,25.78,654343,2209023840.0,2.68,-3.47,-0.93,0.32
2020-06-16,600036,26.32,26.46,26.5,26.13,381631,1298977216.0,1.43,2.2,0.57,0.18
2020-06-17,600036,26.32,26.52,26.63,26.15,306278,1042779920.0,1.81,0.23,0.06,0.15
2020-06-18,600036,26.2,26.21,26.38,25.34,922939,3090987280.0,3.92,-1.17,-0.31,0.45
2020-06-19,600036,26.12,26.18,26.66,25.92,679496,2299545216.0,2.82,-0.11,-0.03,0.33
2020-06-22,600036,25.98,25.82,26.17,25.65,595815,1997593328.0,1.99,-1.38,-0.36,0.29
2020-06-23,600036,25.62,25.67,25.86,25.43,452529,1509296736.0,1.67,-0.58,-0.15,0.22
2020-06-24,600036,25.84,26.22,26.28,25.83,479891,1621575072.0,1.75,2.14,0.55,0.23
2020-06-29,600036,26.49,25.96,26.62,25.81,567297,1915098032.0,3.09,-0.99,-0.26,0.28
2020-06-30,600036,26.17,26.04,26.28,25.96,391568,1322157808.0,1.23,0.31,0.08,0.19
2020-07-01,600036,26.11,27.11,27.12,25.93,799096,2741317360.0,4.57,4.11,1.07,0.39
2020-07-02,600036,26.97,27.62,27.79,26.62,1245178,4347489280.0,4.32,1.88,0.51,0.6
2020-07-03,600036,27.72,29.06,29.08,27.67,1535704,5583630592.0,5.1,5.21,1.44,0.74
2020-07-06,600036,29.5,32.73,32.73,29.5,1874929,7369658880.0,11.11,12.63,3.67,0.91
2020-07-07,600036,34.12,33.38,35.62,32.82,2016338,8389893376.0,8.55,1.99,0.65,0.98
2020-07-08,600036,33.22,32.82,34.19,32.29,1827039,7454256128.0,5.69,-1.68,-0.56,0.89
2020-07-09,600036,32.83,32.23,32.94,31.85,1693236,6759559168.0,3.32,-1.8,-0.59,0.82
2020-07-10,600036,32.23,30.77,32.52,30.57,1528159,5784778240.0,6.05,-4.53,-1.46,0.74
2020-07-13,600036,30.53,30.82,31.52,30.19,1634064,6086294016.0,4.32,0.16,0.05,0.79
2020-07-14,600036,30.59,30.03,30.94,29.75,1310866,4821059840.0,3.86,-2.56,-0.79,0.64
2020-07-15,600036,30.51,29.38,30.54,29.22,1341142,4838521600.0,4.4,-2.16,-0.65,0.65
2020-07-16,600036,29.57,29.12,30.1,29.11,1429523,5153628416.0,3.37,-0.88,-0.26,0.69
2020-07-17,600036,29.39,29.6,29.72,28.83,1169918,4182751216.0,3.06,1.65,0.48,0.57
2020-07-20,600036,29.62,30.79,30.97,29.37,1594157,5884589568.0,5.41,4.02,1.19,0.77
2020-07-21,600036,30.79,30.36,30.96,30.04,831621,3062989296.0,2.99,-1.4,-0.43,0.4
2020-07-22,600036,30.3,29.96,30.62,29.78,998812,3656733632.0,2.77,-1.32,-0.4,0.48
2020-07-23,600036,29.7,29.12,29.93,28.77,1197076,4272039760.0,3.87,-2.8,-0.84,0.58
2020-07-24,600036,29.02,28.12,29.32,27.65,1304194,4555965952.0,5.73,-3.43,-1.0,0.63
2020-07-27,600036,28.46,27.77,28.49,27.53,893469,3062209392.0,3.41,-1.24,-0.35,0.43
2020-07-28,600036,28.18,28.1,28.4,27.73,780351,2693238176.0,2.41,1.19,0.33,0.38
2020-07-29,600036,28.02,28.59,28.87,27.75,969131,3381773120.0,3.99,1.74,0.49,0.47
2020-07-30,600036,28.57,28.08,28.69,28.0,798879,2776830176.0,2.41,-1.78,-0.51,0.39
2020-07-31,600036,28.12,28.32,28.87,28.01,989895,3456763744.0,3.06,0.85,0.24,0.48
2020-08-03,600036,28.72,28.52,28.91,28.3,1021858,3573570192.0,2.15,0.71,0.2,0.5
2020-08-04,600036,28.66,30.2,30.67,28.52,2354404,8524612096.0,7.54,5.89,1.68,1.14
2020-08-05,600036,29.92,29.82,30.18,29.33,1060660,3842397072.0,2.81,-1.26,-0.38,0.51
2020-08-06,600036,29.95,30.54,30.85,29.86,1252429,4621511168.0,3.32,2.41,0.72,0.61
2020-08-07,600036,30.4,30.13,30.4,29.72,897954,3286449488.0,2.23,-1.34,-0.41,0.44
2020-08-10,600036,30.22,30.52,30.93,29.41,1224481,4519789824.0,5.04,1.29,0.39,0.59
2020-08-11,600036,30.67,31.06,32.32,30.67,1736383,6622998528.0,5.41,1.77,0.54,0.84
2020-08-12,600036,31.3,31.31,31.78,30.55,930037,3505241808.0,3.96,0.8,0.25,0.45
2020-08-13,600036,31.37,30.85,31.69,30.84,640487,2413002928.0,2.71,-1.47,-0.46,0.31
2020-08-14,600036,30.85,31.52,31.6,30.78,670657,2530430880.0,2.66,2.17,0.67,0.33
2020-08-17,600036,31.58,32.57,33.05,31.58,1483090,5782809856.0,4.66,3.33,1.05,0.72
2020-08-18,600036,32.52,32.37,32.68,32.05,573661,2225879680.0,1.93,-0.61,-0.2,0.28
2020-08-19,600036,32.36,31.87,32.6,31.87,563937,2185921392.0,2.26,-1.54,-0.5,0.27
2020-08-20,600036,31.73,31.04,31.75,30.65,734408,2759025984.0,3.45,-2.6,-0.83,0.36
2020-08-21,600036,31.52,31.29,31.53,30.98,561254,2115951200.0,1.77,0.81,0.25,0.27
2020-08-24,600036,31.6,31.02,31.83,30.89,620989,2346712064.0,3.0,-0.86,-0.27,0.3
2020-08-25,600036,31.32,31.1,31.72,30.94,545246,2056714032.0,2.51,0.26,0.08,0.26
2020-08-26,600036,31.22,30.75,31.41,30.53,627000,2344833008.0,2.83,-1.13,-0.35,0.3
2020-08-27,600036,30.75,30.42,30.81,29.93,574815,2112135808.0,2.86,-1.07,-0.33,0.28
2020-08-28,600036,30.37,31.97,31.97,30.12,1182942,4472784896.0,6.08,5.1,1.55,0.57
2020-08-31,600036,32.02,31.21,32.52,31.07,1190314,4573760768.0,4.54,-2.38,-0.76,0.58
2020-09-01,600036,30.98,30.94,31.22,30.53,712759,2662847632.0,2.21,-0.87,-0.27,0.35
2020-09-02,600036,31.01,30.72,31.1,30.32,797221,2960833712.0,2.52,-0.71,-0.22,0.39
2020-09-03,600036,30.64,30.5,30.95,30.28,640480,2369898816.0,2.18,-0.72,-0.22,0.31
2020-09-04,600036,30.15,30.32,30.41,29.87,485437,1780424304.0,1.77,-0.59,-0.18,0.24
2020-09-07,600036,30.32,30.31,31.1,30.21,616139,2285992288.0,2.94,-0.03,-0.01,0.3
2020-09-08,600036,30.7,31.11,31.14,30.54,683545,2558811216.0,1.98,2.64,0.8,0.33
2020-09-09,600036,30.79,31.12,31.47,30.68,605433,2276406656.0,2.54,0.03,0.01,0.29
2020-09-10,600036,31.4,31.22,31.43,30.89,550146,2072364496.0,1.74,0.32,0.1,0.27
2020-09-11,600036,31.39,30.76,31.4,30.54,553105,2064258656.0,2.75,-1.47,-0.46,0.27
2020-09-14,600036,30.92,30.87,31.1,30.59,460240,1713839184.0,1.66,0.36,0.11,0.22
2020-09-15,600036,30.78,31.42,31.61,30.75,530805,2003397792.0,2.79,1.78,0.55,0.26
2020-09-16,600036,31.48,31.58,31.82,31.3,478875,1822671344.0,1.65,0.51,0.16,0.23
2020-09-17,600036,31.62,31.39,31.99,31.37,557714,2127941232.0,1.96,-0.6,-0.19,0.27
2020-09-18,600036,31.37,32.51,32.51,31.32,1081692,4177287392.0,3.79,3.57,1.12,0.52
2020-09-21,600036,32.52,32.12,32.65,32.12,501521,1945258032.0,1.63,-1.2,-0.39,0.24
2020-09-22,600036,32.02,31.4,32.12,31.26,583117,2223417616.0,2.68,-2.24,-0.72,0.28
2020-09-23,600036,31.34,31.02,31.57,30.92,430760,1621415680.0,2.07,-1.21,-0.38,0.21
2020-09-24,600036,30.87,30.58,30.87,30.42,540280,2003636080.0,1.45,-1.42,-0.44,0.26
2020-09-25,600036,30.62,30.7,30.92,30.6,352252,1312142064.0,1.05,0.39,0.12,0.17
2020-09-28,600036,30.72,30.77,31.17,30.57,353245,1317478208.0,1.95,0.23,0.07,0.17
2020-09-29,600036,30.87,29.83,30.97,29.79,796689,2920847328.0,3.83,-3.05,-0.94,0.39
2020-09-30,600036,29.82,29.52,30.09,29.32,654661,2365489200.0,2.58,-1.04,-0.31,0.32
2020-10-09,600036,29.92,29.7,30.32,29.65,494724,1799276672.0,2.27,0.61,0.18,0.24
2020-10-12,600036,29.92,31.08,31.17,29.82,998646,3712613344.0,4.55,4.65,1.38,0.48
2020-10-13,600036,31.0,31.31,31.53,30.65,511416,1928053920.0,2.83,0.74,0.23,0.25
2020-10-14,600036,31.32,31.57,31.62,30.91,642940,2431581136.0,2.27,0.83,0.26,0.31
2020-10-15,600036,31.66,32.53,32.75,31.57,1196657,4656771584.0,3.74,3.04,0.96,0.58
2020-10-16,600036,32.43,33.3,33.72,32.4,1105896,4401811712.0,4.06,2.37,0.77,0.54
2020-10-19,600036,33.81,33.51,35.07,33.41,981547,3988837840.0,4.98,0.63,0.21,0.48
2020-10-20,600036,33.52,33.49,33.83,33.22,424368,1697045440.0,1.82,-0.06,-0.02,0.21
2020-10-21,600036,33.58,34.32,34.39,33.51,541856,2193121568.0,2.63,2.48,0.83,0.26
2020-10-22,600036,34.52,34.71,35.52,33.85,644975,2649384832.0,4.87,1.14,0.39,0.31
2020-10-23,600036,34.43,34.74,35.62,34.38,551834,2298420656.0,3.57,0.09,0.03,0.27
2020-10-26,600036,35.18,34.14,35.18,33.6,504540,2050594688.0,4.55,-1.73,-0.6,0.24
2020-10-27,600036,34.14,33.97,34.77,33.85,458832,1867751088.0,2.69,-0.5,-0.17,0.22
2020-10-28,600036,34.15,33.62,34.6,33.13,693557,2787606064.0,4.33,-1.03,-0.35,0.34
2020-10-29,600036,33.27,33.71,34.38,33.19,523070,2105440048.0,3.54,0.27,0.09,0.25
2020-10-30,600036,34.02,33.33,34.67,33.1,438423,1766506304.0,4.66,-1.13,-0.38,0.21
2020-11-02,600036,34.01,33.77,34.22,32.7,516928,2067738928.0,4.56,1.32,0.44,0.25
2020-11-03,600036,34.22,34.76,35.62,34.22,870690,3626910912.0,4.15,2.93,0.99,0.42
2020-11-04,600036,35.64,36.45,36.61,34.9,884501,3754732976.0,4.92,4.86,1.69,0.43
2020-11-05,600036,36.62,36.31,37.23,35.9,680487,2918967536.0,3.65,-0.38,-0.14,0.33
2020-11-06,600036,36.32,36.0,36.37,35.61,463645,1969073120.0,2.09,-0.85,-0.31,0.22
2020-11-09,600036,36.51,36.55,36.99,36.12,497142,2138628752.0,2.42,1.53,0.55,0.24
2020-11-10,600036,37.29,37.24,37.9,36.92,562079,2461059120.0,2.68,1.89,0.69,0.27
2020-11-11,600036,37.52,37.87,37.87,37.03,526970,2322161024.0,2.26,1.69,0.63,0.26
2020-11-12,600036,37.52,37.1,37.96,36.87,471594,2059661760.0,2.88,-2.03,-0.77,0.23
2020-11-13,600036,36.72,36.1,36.72,35.33,544863,2309702720.0,3.75,-2.7,-1.0,0.26
2020-11-16,600036,36.47,36.52,36.62,36.17,389432,1669941872.0,1.25,1.16,0.42,0.19
2020-11-17,600036,36.52,37.36,37.52,36.32,472856,2065231456.0,3.29,2.3,0.84,0.23
2020-11-18,600036,37.12,38.27,38.52,36.93,628202,2797752560.0,4.26,2.44,0.91,0.3
2020-11-19,600036,38.05,38.39,38.52,37.51,477342,2128954048.0,2.64,0.31,0.12,0.23
2020-11-20,600036,38.28,38.57,38.82,38.03,314688,1414292256.0,2.06,0.47,0.18,0.15
2020-11-23,600036,38.57,38.92,39.1,38.34,584621,2647101184.0,1.97,0.91,0.35,0.28
2020-11-24,600036,38.52,38.39,38.82,38.05,399467,1793220432.0,1.98,-1.36,-0.53,0.19
2020-11-25,600036,39.04,37.95,39.09,37.69,378072,1694470960.0,3.65,-1.15,-0.44,0.18
2020-11-26,600036,37.99,38.61,38.9,37.99,351534,1584282512.0,2.4,1.74,0.66,0.17
2020-11-27,600036,38.92,39.37,39.49,38.22,446078,2024963456.0,3.29,1.97,0.76,0.22
2020-11-30,600036,39.37,37.72,41.29,37.55,1153602,5291989504.0,9.5,-4.19,-1.65,0.56
2020-12-01,600036,37.92,39.72,40.07,37.91,780728,3559778624.0,5.73,5.3,2.0,0.38
2020-12-02,600036,39.52,40.32,40.55,38.78,619944,2864114256.0,4.46,1.51,0.6,0.3
2020-12-03,600036,40.27,40.01,40.62,39.02,502376,2317794752.0,3.97,-0.77,-0.31,0.24
2020-12-04,600036,39.99,39.3,40.12,38.63,461155,2099378096.0,3.72,-1.77,-0.71,0.22
2020-12-07,600036,39.22,37.94,39.27,37.62,704825,3138039088.0,4.2,-3.46,-1.36,0.34
2020-12-08,600036,37.91,37.78,38.28,37.52,377167,1671238320.0,2.0,-0.42,-0.16,0.18
2020-12-09,600036,37.89,37.76,38.45,37.74,375195,1672113664.0,1.88,-0.05,-0.02,0.18
2020-12-10,600036,37.56,37.8,38.15,37.32,368874,1630166592.0,2.2,0.11,0.04,0.18
2020-12-11,600036,37.77,36.2,37.79,36.2,771435,3347336208.0,4.21,-4.23,-1.6,0.37
2020-12-14,600036,36.84,37.89,38.18,36.84,607427,2686115504.0,3.7,4.67,1.69,0.29
2020-12-15,600036,37.97,37.87,38.46,36.96,438792,1936658512.0,3.96,-0.05,-0.02,0.21
2020-12-16,600036,38.31,37.58,38.37,37.4,367902,1628021248.0,2.56,-0.77,-0.29,0.18
2020-12-17,600036,37.42,37.57,37.69,36.87,502329,2199570320.0,2.18,-0.03,-0.01,0.24
2020-12-18,600036,37.61,36.62,37.91,36.32,760600,3296589104.0,4.23,-2.53,-0.95,0.37
2020-12-21,600036,36.56,36.41,36.67,35.83,623851,2674269712.0,2.29,-0.57,-0.21,0.3
2020-12-22,600036,36.51,35.43,36.52,35.39,784686,3320101856.0,3.1,-2.69,-0.98,0.38
2020-12-23,600036,35.23,35.84,35.93,35.23,711820,3004166816.0,1.98,1.16,0.41,0.35
2020-12-24,600036,35.87,36.09,36.62,35.84,482110,2055723696.0,2.18,0.7,0.25,0.23
2020-12-25,600036,36.07,36.24,36.42,35.5,476732,2023487312.0,2.55,0.42,0.15,0.23
2020-12-28,600036,36.27,36.56,36.84,35.75,841409,3600599040.0,3.01,0.88,0.32,0.41
2020-12-29,600036,36.78,36.35,36.81,36.17,727148,3118082064.0,1.75,-0.57,-0.21,0.35
2020-12-30,600036,36.39,36.57,36.57,35.42,933496,3963394416.0,3.16,0.61,0.22,0.45
2020-12-31,600036,36.57,37.47,37.87,36.37,891199,3909432880.0,4.1,2.46,0.9,0.43
2021-01-04,600036,36.75,36.69,37.3,35.54,1549523,6608868864.0,4.7,-2.08,-0.78,0.75
2021-01-05,600036,36.28,35.7,36.32,34.96,1387177,5809639168.0,3.71,-2.7,-0.99,0.67
2021-01-06,600036,35.62,37.67,37.72,35.52,1200646,5188622848.0,6.16,5.52,1.97,0.58
2021-01-07,600036,37.81,39.42,39.49,37.78,1078322,4869741056.0,4.54,4.65,1.75,0.52
2021-01-08,600036,39.81,40.12,40.54,39.33,1299595,6021483008.0,3.07,1.78,0.7,0.63
2021-01-11,600036,40.1,41.94,42.69,40.01,1445234,6992740096.0,6.68,4.54,1.82,0.7
2021-01-12,600036,42.07,43.22,43.57,41.08,1044486,5103985920.0,5.94,3.05,1.28,0.51
2021-01-13,600036,42.83,42.92,43.5,42.4,649110,3207741648.0,2.55,-0.69,-0.3,0.31
2021-01-14,600036,42.92,42.57,43.6,42.08,703771,3467710704.0,3.54,-0.82,-0.35,0.34
2021-01-15,600036,44.02,44.66,47.41,44.0,1775745,9232542720.0,8.01,4.91,2.09,0.86
2021-01-18,600036,45.02,45.44,46.6,44.72,1237642,6463924992.0,4.21,1.75,0.78,0.6
2021-01-19,600036,45.82,45.37,46.75,45.01,901880,4710719488.0,3.83,-0.15,-0.07,0.44
2021-01-20,600036,45.62,45.24,46.64,44.51,792281,4123860432.0,4.69,-0.29,-0.13,0.38
2021-01-21,600036,46.49,46.16,47.02,45.67,736715,3886756928.0,2.98,2.03,0.92,0.36
2021-01-22,600036,46.37,45.16,46.37,44.52,870001,4492606208.0,4.01,-2.17,-1.0,0.42
2021-01-25,600036,44.62,45.63,45.98,43.62,865362,4438842624.0,5.23,1.04,0.47,0.42
2021-01-26,600036,45.52,44.92,46.62,44.52,601175,3126374832.0,4.6,-1.56,-0.71,0.29
2021-01-27,600036,45.13,45.52,46.42,45.13,609232,3187049344.0,2.87,1.34,0.6,0.3
2021-01-28,600036,44.52,45.13,45.27,44.32,523870,2684963888.0,2.09,-0.86,-0.39,0.25
2021-01-29,600036,45.7,44.62,45.98,44.33,621489,3211002064.0,3.66,-1.13,-0.51,0.3
2021-02-01,600036,44.52,45.92,46.3,44.0,796626,4125446256.0,5.15,2.91,1.3,0.39
2021-02-02,600036,45.87,45.49,46.32,45.12,720306,3752480880.0,2.61,-0.94,-0.43,0.35
2021-02-03,600036,45.59,46.57,47.52,45.01,765876,4045314784.0,5.52,2.37,1.08,0.37
2021-02-04,600036,46.39,47.02,48.72,46.13,969110,5229905920.0,5.56,0.97,0.45,0.47
2021-02-05,600036,47.58,48.26,49.46,47.22,1151578,6315430656.0,4.76,2.64,1.24,0.56
2021-02-08,600036,48.71,48.78,49.12,47.21,816378,4479792896.0,3.96,1.08,0.52,0.4
2021-02-09,600036,48.9,48.78,48.9,47.77,619005,3393598048.0,2.32,0.0,0.0,0.3
2021-02-10,600036,49.82,48.07,49.92,47.47,753508,4135201072.0,5.02,-1.46,-0.71,0.37
2021-02-18,600036,49.17,49.21,51.12,48.71,1070913,6013345280.0,5.01,2.37,1.14,0.52
2021-02-19,600036,49.17,48.72,50.23,48.4,710182,3948306736.0,3.72,-1.0,-0.49,0.34
2021-02-22,600036,48.79,47.72,49.26,46.88,801511,4368564992.0,4.89,-2.05,-1.0,0.39
2021-02-23,600036,47.81,49.07,50.25,47.72,952991,5306140416.0,5.3,2.83,1.35,0.46
2021-02-24,600036,49.37,47.12,49.37,46.37,844322,4578242304.0,6.11,-3.97,-1.95,0.41
2021-02-25,600036,48.02,47.97,49.02,47.43,886187,4843039232.0,3.37,1.8,0.85,0.43
2021-02-26,600036,47.12,44.62,47.97,44.38,1327289,6911104000.0,7.48,-6.98,-3.35,0.64
2021-03-01,600036,44.63,43.91,44.82,43.55,894184,4510517504.0,2.85,-1.59,-0.71,0.43
2021-03-02,600036,44.38,43.07,44.42,42.53,1007786,5025206784.0,4.3,-1.91,-0.84,0.49
2021-03-03,600036,43.52,46.29,46.5,43.12,1315933,6834019584.0,7.85,7.48,3.22,0.64
2021-03-04,600036,45.71,45.92,47.4,45.52,833039,4396029952.0,4.06,-0.8,-0.37,0.4
2021-03-05,600036,45.42,44.92,45.91,43.63,735196,3762062416.0,4.97,-2.18,-1.0,0.36
2021-03-08,600036,45.11,43.45,45.5,43.22,698138,3534603520.0,5.08,-3.27,-1.47,0.34
2021-03-09,600036,43.54,42.02,44.5,41.7,983222,4876616448.0,6.44,-3.29,-1.43,0.48
2021-03-10,600036,42.53,42.77,43.52,42.07,675910,3327792624.0,3.45,1.78,0.75,0.33
2021-03-11,600036,43.52,45.49,45.77,43.52,904210,4672612608.0,5.26,6.36,2.72,0.44
2021-03-12,600036,45.87,46.84,46.91,45.65,855808,4537887744.0,2.77,2.97,1.35,0.41
2021-03-15,600036,46.5,46.63,48.31,46.16,939319,5037471488.0,4.59,-0.45,-0.21,0.46
2021-03-16,600036,47.42,47.84,48.77,47.02,697163,3799354096.0,3.75,2.59,1.21,0.34
2021-03-17,600036,47.47,46.92,47.84,46.82,532315,2856041088.0,2.13,-1.92,-0.92,0.26
2021-03-18,600036,46.82,47.76,47.82,46.42,482793,2590798832.0,2.98,1.79,0.84,0.23
2021-03-19,600036,47.54,45.28,47.98,45.06,776284,4073645280.0,6.11,-5.19,-2.48,0.38
2021-03-22,600036,45.72,47.3,48.24,45.62,791695,4252611120.0,5.79,4.46,2.02,0.38
2021-03-23,600036,47.41,47.0,47.97,46.34,595923,3187582336.0,3.45,-0.63,-0.3,0.29
2021-03-24,600036,47.48,45.72,47.52,45.14,575013,3013081504.0,5.06,-2.72,-1.28,0.28
2021-03-25,600036,46.18,44.53,46.41,44.08,784538,4014068064.0,5.1,-2.6,-1.19,0.38
2021-03-26,600036,44.97,45.12,45.34,44.25,709475,3643743952.0,2.45,1.32,0.59,0.34
2021-03-29,600036,45.22,44.46,45.32,44.07,779804,3969007328.0,2.77,-1.46,-0.66,0.38
2021-03-30,600036,44.62,45.08,45.08,43.95,569402,2902290112.0,2.54,1.39,0.62,0.28
2021-03-31,600036,45.02,44.62,45.02,43.66,521650,2652348784.0,3.02,-1.02,-0.46,0.25
2021-04-01,600036,44.61,44.57,44.8,44.22,337195,1718217152.0,1.3,-0.11,-0.05,0.16
2021-04-02,600036,44.7,44.47,44.77,44.17,411534,2093013200.0,1.35,-0.22,-0.1,0.2
2021-04-06,600036,44.62,44.51,45.35,44.32,444002,2275875712.0,2.32,0.09,0.04,0.22
2021-04-07,600036,44.67,43.95,44.67,43.54,500610,2520490064.0,2.54,-1.26,-0.56,0.24
2021-04-08,600036,43.72,44.02,44.15,43.57,295011,1486758656.0,1.32,0.16,0.07,0.14
2021-04-09,600036,44.24,43.77,44.24,43.38,315068,1578603904.0,1.95,-0.57,-0.25,0.15
2021-04-12,600036,43.81,43.98,44.17,43.21,414742,2082172000.0,2.19,0.48,0.21,0.2
2021-04-13,600036,44.02,43.84,44.72,43.46,490399,2476556208.0,2.86,-0.32,-0.14,0.24
2021-04-14,600036,44.1,43.22,44.12,42.8,554384,2758186624.0,3.01,-1.41,-0.62,0.27
2021-04-15,600036,43.24,42.96,43.5,41.8,572965,2810517792.0,3.93,-0.6,-0.26,0.28
2021-04-16,600036,43.24,43.26,43.37,42.61,315583,1563464000.0,1.77,0.7,0.3,0.15
2021-04-19,600036,43.42,45.29,45.3,43.02,679321,3476651824.0,5.27,4.69,2.03,0.33
2021-04-20,600036,44.53,45.51,45.71,44.53,355744,1842179456.0,2.61,0.49,0.22,0.17
2021-04-21,600036,45.58,46.41,46.71,45.55,524464,2758929440.0,2.55,1.98,0.9,0.25
2021-04-22,600036,46.41,46.13,46.82,45.69,429271,2255144624.0,2.43,-0.6,-0.28,0.21
2021-04-23,600036,46.22,46.82,47.02,45.83,471049,2495321520.0,2.58,1.5,0.69,0.23
2021-04-26,600036,47.52,45.59,48.02,45.22,916257,4814829568.0,5.98,-2.63,-1.23,0.44
2021-04-27,600036,45.47,45.59,45.95,45.1,363299,1890139552.0,1.86,0.0,0.0,0.18
2021-04-28,600036,45.72,45.28,45.9,45.0,389855,2019590448.0,1.97,-0.68,-0.31,0.19
2021-04-29,600036,45.52,46.8,46.87,44.81,552745,2913105776.0,4.55,3.36,1.52,0.27
2021-04-30,600036,46.32,46.22,46.7,45.33,450688,2370742208.0,2.93,-1.24,-0.58,0.22
2021-05-06,600036,46.22,47.19,47.9,46.0,638353,3432136288.0,4.11,2.1,0.97,0.31
2021-05-07,600036,47.4,47.7,48.72,46.83,723684,3943891328.0,4.01,1.08,0.51,0.35
2021-05-10,600036,47.72,47.42,47.77,46.53,492240,2630309856.0,2.6,-0.59,-0.28,0.24
2021-05-11,600036,46.97,47.36,47.67,46.8,328533,1767435328.0,1.83,-0.13,-0.06,0.16
2021-05-12,600036,47.37,47.21,48.17,46.59,317497,1708649728.0,3.34,-0.32,-0.15,0.15
2021-05-13,600036,47.01,46.72,47.97,46.36,391206,2085332080.0,3.41,-1.04,-0.49,0.19
2021-05-14,600036,47.01,48.5,48.52,46.32,578814,3127193936.0,4.71,3.81,1.78,0.28
2021-05-17,600036,48.52,49.17,50.01,48.17,526684,2933378112.0,3.79,1.38,0.67,0.26
2021-05-18,600036,49.5,49.47,49.91,49.22,293351,1642178928.0,1.4,0.61,0.3,0.14
2021-05-19,600036,49.52,48.32,49.6,48.03,357293,1966656368.0,3.17,-2.32,-1.15,0.17
2021-05-20,600036,48.62,48.99,49.04,47.84,342105,1881019552.0,2.48,1.39,0.67,0.17
2021-05-21,600036,49.39,47.63,49.42,47.32,514865,2800730352.0,4.29,-2.78,-1.36,0.25
2021-05-24,600036,47.72,47.6,48.22,47.29,445399,2409885280.0,1.95,-0.06,-0.03,0.22
2021-05-25,600036,47.71,51.07,51.14,47.45,968502,5452025344.0,7.75,7.29,3.47,0.47
2021-05-26,600036,51.17,52.02,52.08,51.13,613062,3565788672.0,1.86,1.86,0.95,0.3
2021-05-27,600036,51.52,51.47,52.3,50.33,519037,2995138176.0,3.79,-1.06,-0.55,0.25
2021-05-28,600036,51.52,52.02,52.37,51.13,410141,2386900496.0,2.41,1.07,0.55,0.2
2021-05-31,600036,51.73,51.71,51.88,50.52,361657,2089054160.0,2.61,-0.6,-0.31,0.18
2021-06-01,600036,51.22,50.88,51.28,50.42,474268,2713828448.0,1.66,-1.61,-0.83,0.23
2021-06-02,600036,50.77,51.1,51.21,50.4,405820,2323829264.0,1.59,0.43,0.22,0.2
2021-06-03,600036,51.02,49.8,51.85,49.71,490673,2798317520.0,4.19,-2.54,-1.3,0.24
2021-06-04,600036,49.57,51.05,52.44,49.54,608329,3504830224.0,5.82,2.51,1.25,0.29
2021-06-07,600036,50.73,50.52,50.77,50.02,324897,1847968864.0,1.47,-1.04,-0.53,0.16
2021-06-08,600036,50.47,50.22,51.46,49.53,476166,2700887200.0,3.82,-0.59,-0.3,0.23
2021-06-09,600036,50.22,49.99,50.88,49.8,391410,2220254288.0,2.15,-0.46,-0.23,0.19
2021-06-10,600036,50.01,49.87,50.98,49.78,481135,2730021840.0,2.4,-0.24,-0.12,0.23
2021-06-11,600036,49.93,49.85,50.27,48.6,682089,3798816016.0,3.35,-0.04,-0.02,0.33
2021-06-15,600036,49.35,48.32,49.35,47.64,529241,2899483728.0,3.43,-3.07,-1.53,0.26
2021-06-16,600036,48.32,49.12,49.88,48.02,518772,2879681824.0,3.85,1.66,0.8,0.25
2021-06-17,600036,49.04,48.64,49.52,48.38,319019,1765863520.0,2.32,-0.98,-0.48,0.15
2021-06-18,600036,48.27,48.21,49.22,47.59,427117,2337303200.0,3.35,-0.88,-0.43,0.21
2021-06-21,600036,47.82,47.21,48.31,46.64,579716,3119639568.0,3.46,-2.07,-1.0,0.28
2021-06-22,600036,47.38,48.98,49.1,47.38,643592,3544466672.0,3.64,3.75,1.77,0.31
2021-06-23,600036,48.9,48.34,48.99,48.0,408720,2243392896.0,2.02,-1.31,-0.64,0.2
2021-06-24,600036,48.34,48.52,48.62,47.65,363604,1988184928.0,2.01,0.37,0.18,0.18
2021-06-25,600036,48.52,49.92,50.07,48.3,469560,2631903472.0,3.65,2.89,1.4,0.23
2021-06-28,600036,49.72,48.22,49.81,47.55,698825,3825857056.0,4.53,-3.41,-1.7,0.34
2021-06-29,600036,47.72,47.32,48.37,47.22,532449,2878196928.0,2.38,-1.87,-0.9,0.26
2021-06-30,600036,47.42,47.71,47.96,47.38,357304,1935227664.0,1.23,0.82,0.39,0.17
2021-07-01,600036,47.73,49.52,49.52,47.32,652987,3585284672.0,4.61,3.79,1.81,0.32
2021-07-02,600036,48.52,46.57,48.72,46.22,929819,4969147648.0,5.05,-5.96,-2.95,0.45
2021-07-05,600036,46.46,46.46,46.61,45.02,568609,2979267520.0,3.41,-0.24,-0.11,0.28
2021-07-06,600036,46.52,47.06,47.06,45.93,452507,2401387632.0,2.43,1.29,0.6,0.22
2021-07-07,600036,46.82,46.95,47.43,46.53,365978,1956147232.0,1.91,-0.23,-0.11,0.18
2021-07-08,600036,47.28,43.87,47.28,43.52,1554189,7890344960.0,8.01,-6.56,-3.08,0.75
2021-07-09,600036,43.87,43.42,44.43,43.03,827019,4141886768.0,3.19,-1.03,-0.45,0.4
2021-07-12,600036,44.12,43.92,44.66,43.32,839564,4227182160.0,3.09,1.15,0.5,0.41
2021-07-13,600036,44.27,44.74,45.57,43.48,594450,2969602400.0,4.76,1.87,0.82,0.29
2021-07-14,600036,44.57,43.72,44.65,42.69,885514,4295785472.0,4.38,-2.28,-1.02,0.43
2021-07-15,600036,43.77,45.82,46.23,43.74,877273,4426680832.0,5.7,4.8,2.1,0.43
2021-07-16,600036,45.53,45.77,46.37,45.19,462104,2357681008.0,2.58,-0.11,-0.05,0.22
2021-07-19,600036,45.77,45.6,45.97,44.18,469631,2357941872.0,3.91,-0.37,-0.17,0.23
2021-07-20,600036,45.22,44.68,46.26,44.38,446889,2245908480.0,4.12,-2.02,-0.92,0.22
2021-07-21,600036,44.79,44.47,45.34,44.02,506319,2512788208.0,2.95,-0.47,-0.21,0.25
2021-07-22,600036,44.46,45.02,45.87,44.15,592356,2987211472.0,3.87,1.24,0.55,0.29
2021-07-23,600036,45.1,44.82,45.42,44.27,420353,2101810736.0,2.55,-0.44,-0.2,0.2
2021-07-26,600036,44.39,42.47,44.42,42.32,749930,3616845776.0,4.69,-5.24,-2.35,0.36
2021-07-27,600036,42.42,40.94,42.7,40.57,749495,3512047040.0,5.02,-3.6,-1.53,0.36
2021-07-28,600036,41.08,42.24,43.11,41.08,847310,4027574992.0,4.96,3.18,1.3,0.41
2021-07-29,600036,42.97,42.72,43.07,42.27,642745,3083677744.0,1.89,1.14,0.48,0.31
2021-07-30,600036,42.52,41.27,42.57,40.88,591959,2760620848.0,3.96,-3.39,-1.45,0.29
2021-08-02,600036,41.57,42.48,42.99,39.98,836147,3925085952.0,7.29,2.93,1.21,0.41
2021-08-03,600036,42.37,42.36,42.87,41.72,518758,2456399184.0,2.71,-0.28,-0.12,0.25
2021-08-04,600036,42.35,41.77,42.72,41.57,511500,2410938960.0,2.71,-1.39,-0.59,0.25
2021-08-05,600036,41.45,41.52,42.07,40.86,442303,2070051632.0,2.9,-0.6,-0.25,0.21
2021-08-06,600036,41.24,42.36,42.57,40.87,507558,2392067824.0,4.09,2.02,0.84,0.25
2021-08-09,600036,42.35,43.83,44.77,42.35,730430,3599567200.0,5.71,3.47,1.47,0.35
2021-08-10,600036,43.85,44.98,45.3,43.33,663575,3291349072.0,4.49,2.62,1.15,0.32
2021-08-11,600036,44.98,45.67,46.54,44.77,568555,2905233232.0,3.94,1.53,0.69,0.28
2021-08-12,600036,45.47,45.45,46.27,45.18,397182,2021030384.0,2.39,-0.48,-0.22,0.19
2021-08-13,600036,45.48,45.95,46.12,45.08,467405,2379825408.0,2.29,1.1,0.5,0.23
2021-08-16,600036,45.97,45.64,46.01,44.27,744140,3770118256.0,3.79,-0.67,-0.31,0.36
2021-08-17,600036,45.64,44.39,46.17,44.29,603232,3044300928.0,4.12,-2.74,-1.25,0.29
2021-08-18,600036,44.76,47.91,48.34,44.69,1231242,6434458368.0,8.22,7.93,3.52,0.6
2021-08-19,600036,47.57,46.35,47.87,46.13,676301,3515991216.0,3.63,-3.26,-1.56,0.33
2021-08-20,600036,46.51,45.8,47.34,44.67,693765,3537372064.0,5.76,-1.19,-0.55,0.34
2021-08-23,600036,46.25,46.66,47.64,45.98,539017,2806624176.0,3.62,1.88,0.86,0.26
2021-08-24,600036,46.79,46.97,47.62,45.78,528277,2748379136.0,3.94,0.66,0.31,0.26
2021-08-25,600036,47.35,46.2,47.48,45.98,407381,2107816704.0,3.19,-1.64,-0.77,0.2
2021-08-26,600036,46.7,44.37,46.7,44.25,763035,3825334080.0,5.3,-3.96,-1.83,0.37
2021-08-27,600036,44.47,45.12,45.59,44.27,386142,1942863648.0,2.97,1.69,0.75,0.19
2021-08-30,600036,45.12,43.22,45.12,42.38,1079682,5224229632.0,6.07,-4.21,-1.9,0.52
2021-08-31,600036,43.22,43.73,44.22,42.62,710440,3451030096.0,3.7,1.18,0.51,0.34
2021-09-01,600036,43.65,45.56,45.72,43.37,826055,4129767776.0,5.37,4.18,1.83,0.4
2021-09-02,600036,45.46,46.37,46.65,45.07,726201,3729206240.0,3.47,1.78,0.81,0.35
2021-09-03,600036,46.47,46.77,47.1,45.18,642573,3321589088.0,4.14,0.86,0.4,0.31
2021-09-06,600036,46.28,45.97,47.52,45.95,547428,2830673168.0,3.36,-1.71,-0.8,0.27
2021-09-07,600036,46.06,47.58,47.85,45.22,772320,4026086400.0,5.72,3.5,1.61,0.37
2021-09-08,600036,47.49,47.18,48.32,47.03,553907,2921088032.0,2.71,-0.84,-0.4,0.27
2021-09-09,600036,46.87,46.87,47.45,46.45,357800,1863278528.0,2.12,-0.66,-0.31,0.17
2021-09-10,600036,46.77,48.89,49.29,46.52,1070978,5766878208.0,5.91,4.31,2.02,0.52
2021-09-13,600036,48.44,48.69,49.27,48.27,592830,3202583504.0,2.05,-0.41,-0.2,0.29
2021-09-14,600036,49.07,46.87,49.66,46.57,631166,3336827184.0,6.35,-3.74,-1.82,0.31
2021-09-15,600036,46.77,46.17,47.26,45.57,542338,2799380272.0,3.61,-1.49,-0.7,0.26
2021-09-16,600036,46.0,45.47,46.6,44.98,629896,3193865168.0,3.51,-1.52,-0.7,0.31
2021-09-17,600036,45.55,46.02,46.31,45.27,420165,2143690288.0,2.29,1.21,0.55,0.2
2021-09-22,600036,43.45,44.18,44.75,42.87,1122596,5492053760.0,4.09,-4.0,-1.84,0.54
2021-09-23,600036,44.27,43.61,45.3,43.38,861025,4246316976.0,4.35,-1.29,-0.57,0.42
2021-09-24,600036,43.22,43.54,44.1,43.17,532039,2596408384.0,2.13,-0.16,-0.07,0.26
2021-09-27,600036,43.06,43.86,44.57,42.98,667905,3265832144.0,3.65,0.73,0.32,0.32
2021-09-28,600036,43.87,45.19,45.75,43.86,709925,3562616336.0,4.31,3.03,1.33,0.34
2021-09-29,600036,44.72,46.33,46.94,44.38,904610,4619317504.0,5.66,2.52,1.14,0.44
2021-09-30,600036,46.17,45.22,46.2,44.87,586118,2960621632.0,2.87,-2.4,-1.11,0.28
2021-10-08,600036,44.79,45.7,45.85,44.79,645553,3266919264.0,2.34,1.06,0.48,0.31
2021-10-11,600036,46.21,47.77,48.95,46.21,971779,5171368960.0,6.0,4.53,2.07,0.47
2021-10-12,600036,47.47,47.86,48.56,47.07,589373,3129716160.0,3.12,0.19,0.09,0.29
2021-10-13,600036,47.72,47.8,48.17,46.82,442557,2335530448.0,2.82,-0.13,-0.06,0.21
2021-10-14,600036,47.76,47.13,48.02,46.97,288996,1518009840.0,2.2,-1.4,-0.67,0.14
2021-10-15,600036,47.22,48.08,48.21,47.12,420358,2230147904.0,2.31,2.02,0.95,0.2
2021-10-18,600036,48.08,46.63,48.12,46.32,577945,3008070368.0,3.74,-3.02,-1.45,0.28
2021-10-19,600036,47.02,47.65,48.09,46.77,481693,2545616000.0,2.83,2.19,1.02,0.23
2021-10-20,600036,47.98,47.17,48.41,47.05,305710,1612336032.0,2.85,-1.01,-0.48,0.15
2021-10-21,600036,47.62,48.52,48.77,47.37,576587,3084324272.0,2.97,2.86,1.35,0.28
2021-10-22,600036,48.86,49.06,49.57,48.5,547151,2967094160.0,2.21,1.11,0.54,0.27
2021-10-25,600036,48.6,49.36,49.7,47.87,623341,3376970800.0,3.73,0.61,0.3,0.3
2021-10-26,600036,49.36,50.07,51.0,49.07,715424,3961794944.0,3.91,1.44,0.71,0.35
2021-10-27,600036,49.97,49.29,49.97,48.6,420394,2287323392.0,2.74,-1.56,-0.78,0.2
2021-10-28,600036,49.07,48.99,49.77,48.62,346232,1883008800.0,2.33,-0.61,-0.3,0.17
2021-10-29,600036,48.99,48.74,49.52,48.47,405439,2197661120.0,2.14,-0.51,-0.25,0.2
2021-11-01,600036,48.77,48.89,49.67,48.07,425018,2300857408.0,3.28,0.31,0.15,0.21
2021-11-02,600036,49.12,47.02,49.26,46.44,752206,3957181520.0,5.77,-3.82,-1.87,0.36
2021-11-03,600036,47.12,46.47,47.26,46.44,444372,2312474224.0,1.74,-1.17,-0.55,0.22
2021-11-04,600036,46.77,46.52,46.87,46.05,482915,2492815504.0,1.76,0.11,0.05,0.23
2021-11-05,600036,46.49,46.33,46.88,46.19,361974,1871325312.0,1.48,-0.41,-0.19,0.18
2021-11-08,600036,46.09,46.07,46.67,45.57,386749,1984383360.0,2.37,-0.56,-0.26,0.19
2021-11-09,600036,46.17,45.83,46.47,45.37,387884,1979827712.0,2.39,-0.52,-0.24,0.19
2021-11-10,600036,45.83,45.4,45.92,44.81,558071,2812533072.0,2.42,-0.94,-0.43,0.27
2021-11-11,600036,45.32,47.59,47.64,45.23,849732,4430680064.0,5.31,4.82,2.19,0.41
2021-11-12,600036,47.59,47.17,47.95,47.02,343597,1807134400.0,1.95,-0.88,-0.42,0.17
2021-11-15,600036,47.56,47.7,48.38,47.14,366950,1941710240.0,2.63,1.12,0.53,0.18
2021-11-16,600036,47.67,47.27,48.15,46.93,322315,1699581536.0,2.56,-0.9,-0.43,0.16
2021-11-17,600036,46.99,46.61,47.6,46.58,339386,1768981456.0,2.16,-1.4,-0.66,0.16
2021-11-18,600036,46.57,46.18,46.77,45.77,342443,1762554160.0,2.15,-0.92,-0.43,0.17
2021-11-19,600036,46.25,47.1,47.51,45.88,464668,2419758608.0,3.53,1.99,0.92,0.23
2021-11-22,600036,46.87,46.46,47.11,46.36,376538,1952025760.0,1.59,-1.36,-0.64,0.18
2021-11-23,600036,46.52,46.52,47.07,46.21,389149,2014132976.0,1.85,0.13,0.06,0.19
2021-11-24,600036,46.36,46.51,46.67,45.94,315040,1622099216.0,1.57,-0.02,-0.01,0.15
2021-11-25,600036,46.47,46.19,46.47,46.01,215660,1107928512.0,0.99,-0.69,-0.32,0.1
2021-11-26,600036,45.97,44.87,46.22,44.65,823357,4141774912.0,3.4,-2.86,-1.32,0.4
2021-11-29,600036,44.55,44.59,44.87,43.59,827247,4081227200.0,2.85,-0.62,-0.28,0.4
2021-11-30,600036,44.25,44.26,44.62,43.68,610043,3008854128.0,2.11,-0.74,-0.33,0.3
2021-12-01,600036,44.25,44.76,44.97,44.05,500361,2498326160.0,2.08,1.13,0.5,0.24
2021-12-02,600036,44.78,45.66,45.77,44.26,556070,2814606848.0,3.37,2.01,0.9,0.27
2021-12-03,600036,45.84,46.02,46.05,45.24,494076,2518566496.0,1.77,0.79,0.36,0.24
2021-12-06,600036,46.26,46.59,47.17,46.1,604716,3140183376.0,2.33,1.24,0.57,0.29
2021-12-07,600036,47.06,46.61,47.35,45.87,540774,2797815008.0,3.18,0.04,0.02,0.26
2021-12-08,600036,46.75,46.81,47.05,46.17,490975,2543266832.0,1.89,0.43,0.2,0.24
2021-12-09,600036,47.02,47.9,48.61,46.57,840557,4454333952.0,4.36,2.33,1.09,0.41
2021-12-10,600036,47.67,48.26,48.26,47.45,564263,2996780160.0,1.69,0.75,0.36,0.27
2021-12-13,600036,48.33,47.19,48.97,47.18,645546,3432179792.0,3.71,-2.22,-1.07,0.31
2021-12-14,600036,47.09,45.92,47.27,45.62,810629,4165403552.0,3.5,-2.69,-1.27,0.39
2021-12-15,600036,45.77,45.77,46.11,45.55,378493,1929195600.0,1.22,-0.33,-0.15,0.18
2021-12-16,600036,45.68,45.97,46.07,45.38,383653,1957514896.0,1.51,0.44,0.2,0.19
2021-12-17,600036,45.86,45.54,46.17,45.43,476449,2422698272.0,1.61,-0.94,-0.43,0.23
2021-12-20,600036,45.47,45.46,46.07,45.16,470826,2394420816.0,2.0,-0.18,-0.08,0.23
2021-12-21,600036,45.42,45.4,45.76,45.07,356944,1808288480.0,1.52,-0.13,-0.06,0.17
2021-12-22,600036,45.4,44.78,45.52,44.65,436828,2189842096.0,1.92,-1.37,-0.62,0.21
2021-12-23,600036,44.88,44.99,45.03,44.45,423709,2115301008.0,1.3,0.47,0.21,0.21
2021-12-24,600036,44.99,44.63,44.99,44.61,344651,1721265872.0,0.84,-0.8,-0.36,0.17
2021-12-27,600036,44.64,44.1,44.83,43.77,735943,3634240464.0,2.38,-1.19,-0.53,0.36
2021-12-28,600036,44.1,44.4,44.57,43.97,653221,3237655248.0,1.36,0.68,0.3,0.32
2021-12-29,600036,44.44,42.39,44.49,42.38,1438903,6964711680.0,4.75,-4.53,-2.01,0.7
2021-12-30,600036,42.66,43.27,43.55,42.43,967917,4682208000.0,2.64,2.08,0.88,0.47
2021-12-31,600036,43.31,43.48,43.65,43.1,492935,2399746928.0,1.27,0.49,0.21,0.24
2022-01-04,600036,43.48,43.12,43.48,42.28,719606,3452352176.0,2.76,-0.83,-0.36,0.35
2022-01-05,600036,43.26,43.82,44.45,43.17,837174,4114524304.0,2.97,1.62,0.7,0.41
2022-01-06,600036,43.59,42.92,44.16,42.87,681867,3299825728.0,2.94,-2.05,-0.9,0.33
2022-01-07,600036,42.91,43.82,43.91,42.81,660737,3219523408.0,2.56,2.1,0.9,0.32
2022-01-10,600036,44.24,44.0,44.77,43.68,570936,2818145072.0,2.49,0.41,0.18,0.28
2022-01-11,600036,44.26,44.62,44.87,43.66,715617,3558651504.0,2.75,1.41,0.62,0.35
2022-01-12,600036,44.64,44.53,44.87,43.96,518411,2574764176.0,2.04,-0.2,-0.09,0.25
2022-01-13,600036,44.62,44.11,44.82,43.89,401408,1989903360.0,2.09,-0.94,-0.42,0.19
2022-01-14,600036,44.24,42.79,44.24,42.77,666571,3218203408.0,3.33,-2.99,-1.32,0.32
2022-01-17,600036,43.14,43.35,43.62,42.66,531808,2574842944.0,2.24,1.31,0.56,0.26
2022-01-18,600036,43.42,43.78,44.11,43.05,579077,2835126320.0,2.45,0.99,0.43,0.28
2022-01-19,600036,44.24,44.47,44.75,43.88,620280,3078947648.0,1.99,1.58,0.69,0.3
2022-01-20,600036,44.65,46.14,46.66,44.65,1386249,7089347840.0,4.52,3.76,1.67,0.67
2022-01-21,600036,46.16,46.59,46.77,45.98,858081,4439219200.0,1.71,0.98,0.45,0.42
2022-01-24,600036,46.72,46.62,46.77,45.8,638155,3288272320.0,2.08,0.06,0.03,0.31
2022-01-25,600036,46.32,45.67,46.56,45.47,583513,2987207424.0,2.34,-2.04,-0.95,0.28
2022-01-26,600036,46.02,45.77,46.26,45.37,436696,2226767104.0,1.95,0.22,0.1,0.21
2022-01-27,600036,45.67,45.54,45.95,44.89,529401,2687973696.0,2.32,-0.5,-0.23,0.26
2022-01-28,600036,45.82,43.98,45.97,43.92,715144,3576839776.0,4.5,-3.43,-1.56,0.35
2022-02-07,600036,45.07,46.12,46.27,44.9,732349,3741572656.0,3.12,4.87,2.14,0.36
2022-02-08,600036,46.32,46.48,46.77,45.76,528242,2724121504.0,2.19,0.78,0.36,0.26
2022-02-09,600036,46.67,46.39,47.11,46.05,512207,2651984752.0,2.28,-0.19,-0.09,0.25
2022-02-10,600036,46.67,46.48,46.67,45.77,335542,1725040528.0,1.94,0.19,0.09,0.16
2022-02-11,600036,46.59,47.53,47.77,46.42,809933,4267478080.0,2.9,2.26,1.05,0.39
2022-02-14,600036,47.76,45.97,47.76,45.77,594052,3060509968.0,4.19,-3.28,-1.56,0.29
2022-02-15,600036,45.72,44.99,46.15,44.72,566179,2851170336.0,3.11,-2.13,-0.98,0.27
2022-02-16,600036,45.33,45.84,46.13,45.0,404956,2065162800.0,2.51,1.89,0.85,0.2
2022-02-17,600036,46.04,46.23,46.75,45.69,441570,2281127840.0,2.31,0.85,0.39,0.21
2022-02-18,600036,46.02,46.83,46.88,46.02,354390,1837821808.0,1.86,1.3,0.6,0.17
2022-02-21,600036,46.6,46.53,46.66,45.78,313451,1610843088.0,1.88,-0.64,-0.3,0.15
2022-02-22,600036,45.85,45.99,46.12,45.51,369840,1887326608.0,1.31,-1.16,-0.54,0.18
2022-02-23,600036,46.23,45.6,46.23,45.42,375000,1905978112.0,1.76,-0.85,-0.39,0.18
2022-02-24,600036,45.32,44.79,45.35,44.62,482381,2418202032.0,1.6,-1.78,-0.81,0.23
2022-02-25,600036,44.81,44.58,45.27,44.32,451841,2256854496.0,2.12,-0.47,-0.21,0.22
2022-02-28,600036,44.36,44.57,44.71,44.08,335290,1662895008.0,1.41,-0.02,-0.01,0.16
2022-03-01,600036,44.77,45.01,45.27,44.13,406454,2027737712.0,2.56,0.99,0.44,0.2
2022-03-02,600036,44.57,44.24,45.0,44.21,397076,1972076240.0,1.76,-1.71,-0.77,0.19
2022-03-03,600036,44.35,44.5,44.74,44.22,311290,1546031520.0,1.18,0.59,0.26,0.15
2022-03-04,600036,44.02,43.47,44.16,43.27,577897,2818733872.0,2.0,-2.31,-1.03,0.28
2022-03-07,600036,42.78,41.53,43.03,41.27,1014354,4773665792.0,4.05,-4.46,-1.94,0.49
2022-03-08,600036,41.33,40.25,41.54,39.97,834665,3842685600.0,3.78,-3.08,-1.28,0.4
2022-03-09,600036,40.37,39.16,40.5,37.78,900431,4012104656.0,6.76,-2.71,-1.09,0.44
2022-03-10,600036,40.37,39.47,40.47,39.4,671496,3031093296.0,2.73,0.79,0.31,0.33
2022-03-11,600036,39.27,39.22,39.56,37.87,740525,3252533328.0,4.28,-0.63,-0.25,0.36
2022-03-14,600036,38.27,36.92,38.75,36.87,1080466,4627178752.0,4.79,-5.86,-2.3,0.52
2022-03-15,600036,36.38,34.22,36.38,33.95,1313092,5293255424.0,6.58,-7.31,-2.7,0.64
2022-03-16,600036,34.83,37.35,37.57,34.68,1377449,5685452800.0,8.45,9.15,3.13,0.67
2022-03-17,600036,38.92,39.28,39.94,38.44,1319648,5873750272.0,4.02,5.17,1.93,0.64
2022-03-18,600036,39.37,40.94,40.94,38.79,923585,4173209904.0,5.47,4.23,1.66,0.45
2022-03-21,600036,40.66,39.58,40.66,39.37,791032,3566893328.0,3.15,-3.32,-1.36,0.38
2022-03-22,600036,39.81,40.3,40.63,39.59,549038,2497185120.0,2.63,1.82,0.72,0.27
2022-03-23,600036,40.46,40.53,40.74,40.07,469960,2148515088.0,1.66,0.57,0.23,0.23
2022-03-24,600036,40.37,40.54,40.86,40.13,380332,1742027088.0,1.8,0.02,0.01,0.18
2022-03-25,600036,40.48,39.95,40.72,39.77,318259,1445681952.0,2.34,-1.46,-0.59,0.15
2022-03-28,600036,39.61,39.82,40.27,39.02,386459,1736237600.0,3.13,-0.33,-0.13,0.19
2022-03-29,600036,39.92,39.78,40.32,39.68,349621,1580213152.0,1.61,-0.1,-0.04,0.17
2022-03-30,600036,40.13,41.0,41.07,40.12,520723,2389901328.0,2.39,3.07,1.22,0.25
2022-03-31,600036,40.76,41.57,41.89,40.59,615885,2878948592.0,3.17,1.39,0.57,0.3
2022-04-01,600036,41.26,41.87,42.24,41.05,476139,2233625280.0,2.86,0.72,0.3,0.23
2022-04-06,600036,41.17,42.16,42.5,41.15,478269,2260412704.0,3.22,0.69,0.29,0.23
2022-04-07,600036,42.12,41.63,42.36,41.35,377201,1776370368.0,2.4,-1.26,-0.53,0.18
2022-04-08,600036,41.47,41.95,41.95,41.37,364235,1711753072.0,1.39,0.77,0.32,0.18
2022-04-11,600036,41.48,40.67,41.64,40.36,492612,2263984288.0,3.05,-3.05,-1.28,0.24
2022-04-12,600036,40.97,40.47,41.23,39.88,588840,2691571024.0,3.32,-0.49,-0.2,0.29
2022-04-13,600036,40.47,40.52,40.87,40.08,448223,2054724464.0,1.95,0.12,0.05,0.22
2022-04-14,600036,40.78,40.53,41.2,40.52,326613,1503135696.0,1.68,0.02,0.01,0.16
2022-04-15,600036,40.47,41.6,41.77,40.26,423159,1962144160.0,3.73,2.64,1.07,0.21
2022-04-18,600036,40.73,38.16,40.73,37.55,2366775,10320718080.0,7.64,-8.27,-3.44,1.15
2022-04-19,600036,36.77,36.87,37.52,36.17,2504770,10505571072.0,3.54,-3.38,-1.29,1.21
2022-04-20,600036,36.57,35.87,36.75,35.67,1318269,5440590592.0,2.93,-2.71,-1.0,0.64
2022-04-21,600036,35.47,36.05,36.87,35.37,1143501,4747987968.0,4.18,0.5,0.18,0.55
2022-04-22,600036,35.43,37.27,37.74,35.42,1195340,5041291264.0,6.44,3.38,1.22,0.58
2022-04-25,600036,35.15,33.6,35.72,33.49,2368745,9367537920.0,5.98,-9.85,-3.67,1.15
2022-04-26,600036,33.63,33.18,33.93,32.37,1454719,5605383168.0,4.64,-1.25,-0.42,0.71
2022-04-27,600036,32.6,32.81,33.4,32.38,1546208,5867256832.0,3.07,-1.12,-0.37,0.75
2022-04-28,600036,32.83,34.39,34.85,32.72,1564523,6124749824.0,6.49,4.82,1.58,0.76
2022-04-29,600036,33.87,34.7,34.98,33.49,1236929,4884561408.0,4.33,0.9,0.31,0.6
2022-05-05,600036,34.43,34.03,34.95,33.79,944251,3712525680.0,3.34,-1.93,-0.67,0.46
2022-05-06,600036,33.47,32.68,33.52,32.67,889455,3392746144.0,2.5,-3.97,-1.35,0.43
2022-05-09,600036,32.57,31.24,32.59,30.92,1252406,4603133952.0,5.11,-4.41,-1.44,0.61
2022-05-10,600036,30.75,31.75,31.93,30.03,1217637,4424738816.0,6.08,1.63,0.51,0.59
2022-05-11,600036,31.6,31.98,32.33,31.37,872399,3245600400.0,3.02,0.72,0.23,0.42
2022-05-12,600036,31.57,31.38,31.83,31.2,630023,2309969904.0,1.97,-1.88,-0.6,0.31
2022-05-13,600036,31.75,31.92,32.37,31.67,701301,2610117536.0,2.23,1.72,0.54,0.34
2022-05-16,600036,31.9,31.66,31.9,31.21,644742,2373534400.0,2.16,-0.81,-0.26,0.31
2022-05-17,600036,32.13,33.37,33.4,32.13,1183954,4517008384.0,4.01,5.4,1.71,0.57
2022-05-18,600036,33.77,33.27,33.85,32.67,887755,3406772016.0,3.54,-0.3,-0.1,0.43
2022-05-19,600036,32.66,32.8,33.02,32.29,542011,2054604080.0,2.19,-1.41,-0.47,0.26
2022-05-20,600036,33.52,34.73,34.95,33.52,1338872,5296502528.0,4.36,5.88,1.93,0.65
2022-05-23,600036,34.74,34.26,34.82,34.22,618088,2449773568.0,1.73,-1.35,-0.47,0.3
2022-05-24,600036,34.37,33.67,34.6,33.61,687430,2695176608.0,2.89,-1.72,-0.59,0.33
2022-05-25,600036,33.75,33.55,33.87,33.41,489025,1897867056.0,1.37,-0.36,-0.12,0.24
2022-05-26,600036,33.77,33.2,33.77,32.85,615430,2361966480.0,2.74,-1.04,-0.35,0.3
2022-05-27,600036,33.67,33.89,34.18,33.5,608396,2382330336.0,2.05,2.08,0.69,0.29
2022-05-30,600036,34.27,33.84,34.27,33.56,471537,1841958560.0,2.1,-0.15,-0.05,0.23
2022-05-31,600036,33.82,34.46,34.52,33.57,645404,2550654576.0,2.81,1.83,0.62,0.31
2022-06-01,600036,34.47,34.46,34.47,34.04,433834,1714345936.0,1.25,0.0,0.0,0.21
2022-06-02,600036,34.07,33.69,34.2,33.51,547281,2129924528.0,2.0,-2.23,-0.77,0.27
2022-06-06,600036,33.62,33.74,33.8,32.87,698703,2692557424.0,2.76,0.15,0.05,0.34
2022-06-07,600036,33.73,34.12,34.27,33.44,622726,2441620704.0,2.46,1.13,0.38,0.3
2022-06-08,600036,34.13,34.3,34.37,33.79,596931,2345955712.0,1.7,0.53,0.18,0.29
2022-06-09,600036,34.27,35.06,35.37,34.18,908607,3656593728.0,3.47,2.22,0.76,0.44
2022-06-10,600036,34.68,34.89,34.93,34.27,795394,3166842608.0,1.88,-0.48,-0.17,0.39
2022-06-13,600036,34.33,33.34,34.33,33.11,971312,3770847472.0,3.5,-4.44,-1.55,0.47
2022-06-14,600036,32.97,34.01,34.07,32.88,598362,2314895040.0,3.57,2.01,0.67,0.29
2022-06-15,600036,33.96,35.25,35.87,33.96,1394895,5639026176.0,5.62,3.65,1.24,0.68
2022-06-16,600036,35.65,34.73,35.75,34.73,636883,2567652080.0,2.89,-1.48,-0.52,0.31
2022-06-17,600036,34.61,34.62,34.94,34.04,550731,2188790576.0,2.59,-0.32,-0.11,0.27
2022-06-20,600036,34.66,34.47,34.87,34.17,614206,2440349616.0,2.02,-0.43,-0.15,0.3
2022-06-21,600036,34.51,35.1,35.42,34.22,583914,2351462256.0,3.48,1.83,0.63,0.28
2022-06-22,600036,35.17,34.08,35.24,34.07,730712,2896990432.0,3.33,-2.91,-1.02,0.35
2022-06-23,600036,34.09,34.91,34.98,34.09,616030,2459925120.0,2.61,2.44,0.83,0.3
2022-06-24,600036,35.04,34.97,35.36,34.43,639950,2559336624.0,2.66,0.17,0.06,0.31
2022-06-27,600036,35.1,36.02,36.13,34.92,893408,3664489440.0,3.46,3.0,1.05,0.43
2022-06-28,600036,35.87,36.05,36.19,35.67,499164,2054696480.0,1.44,0.08,0.03,0.24
2022-06-29,600036,36.04,35.78,36.48,35.76,622804,2571017808.0,2.0,-0.75,-0.27,0.3
2022-06-30,600036,35.81,36.97,37.47,35.73,832628,3502837232.0,4.86,3.33,1.19,0.4
2022-07-01,600036,37.15,36.15,37.15,35.98,695748,2888674480.0,3.16,-2.22,-0.82,0.34
2022-07-04,600036,36.05,35.82,36.14,35.57,486918,2000021776.0,1.58,-0.91,-0.33,0.24
2022-07-05,600036,36.23,35.75,36.44,35.53,534538,2198036080.0,2.54,-0.2,-0.07,0.26
2022-07-06,600036,35.73,34.57,35.86,34.37,885266,3542584704.0,4.17,-3.3,-1.18,0.43
2022-07-07,600036,34.57,34.52,34.94,34.32,508129,2024650560.0,1.79,-0.14,-0.05,0.25
2022-07-08,600036,34.97,34.58,34.99,34.4,480361,1912947040.0,1.71,0.17,0.06,0.23
2022-07-11,600036,34.35,34.21,34.46,33.97,403755,1589869328.0,1.42,-1.07,-0.37,0.2
2022-07-12,600036,34.13,34.07,34.57,33.8,580630,2285703404.0,2.25,-0.41,-0.14,0.28
2022-07-13,600036,33.84,32.67,34.02,32.46,1410831,5383917613.0,4.58,-4.11,-1.4,0.68
2022-07-14,600036,31.94,31.25,31.96,30.27,2325234,8431357290.0,5.17,-4.35,-1.42,1.13
2022-07-15,600036,31.39,31.16,32.25,31.15,1382452,4872775479.0,3.52,-0.29,-0.09,0.67
2022-07-18,600036,31.44,31.92,32.13,31.3,903080,3202227202.0,2.66,2.44,0.76,0.44
2022-07-19,600036,31.79,32.0,32.14,31.49,537814,1910448534.0,2.04,0.25,0.08,0.26
2022-07-20,600036,32.23,32.14,32.41,32.0,469689,1685116916.0,1.28,0.44,0.14,0.23
2022-07-21,600036,31.83,31.75,32.12,31.66,466241,1656137612.0,1.43,-1.21,-0.39,0.23
2022-07-22,600036,31.84,31.88,32.34,31.54,510333,1817477340.0,2.52,0.41,0.13,0.25
2022-07-25,600036,31.67,32.14,32.27,31.51,404649,1447583000.0,2.38,0.82,0.26,0.2
2022-07-26,600036,32.14,32.62,32.64,32.08,456285,1651632360.0,1.74,1.49,0.48,0.22
2022-07-27,600036,32.52,32.34,32.64,32.2,442471,1597140637.0,1.35,-0.86,-0.28,0.21
2022-07-28,600036,32.39,32.07,32.64,32.04,570668,2054633516.0,1.86,-0.83,-0.27,0.28
2022-07-29,600036,32.12,31.36,32.47,31.3,649706,2299974527.0,3.65,-2.21,-0.71,0.31
2022-08-01,600036,31.28,30.81,31.3,30.74,705883,2445426274.0,1.79,-1.75,-0.55,0.34
2022-08-02,600036,30.49,30.2,30.5,29.62,811608,2741206158.0,2.86,-1.98,-0.61,0.39
2022-08-03,600036,30.19,29.35,30.78,29.24,1003206,3341394264.0,5.1,-2.81,-0.85,0.49
2022-08-04,600036,29.62,29.95,29.99,29.52,593073,1986094524.0,1.6,2.04,0.6,0.29
2022-08-05,600036,30.1,30.59,30.63,29.91,488719,1660667569.0,2.4,2.14,0.64,0.24
2022-08-08,600036,30.48,30.2,30.78,29.91,572112,1942979975.0,2.84,-1.27,-0.39,0.28
2022-08-09,600036,30.24,29.89,30.24,29.69,498671,1675279850.0,1.82,-1.03,-0.31,0.24
2022-08-10,600036,29.85,29.44,29.99,29.32,529605,1758806053.0,2.24,-1.51,-0.45,0.26
2022-08-11,600036,29.75,30.65,30.69,29.47,826688,2799671312.0,4.14,4.11,1.21,0.4
2022-08-12,600036,30.45,30.66,30.73,30.32,402001,1377797391.0,1.34,0.03,0.01,0.19
2022-08-15,600036,30.39,30.02,30.62,29.82,459181,1554089642.0,2.61,-2.09,-0.64,0.22
2022-08-16,600036,30.15,30.2,30.66,30.04,479155,1629408747.0,2.07,0.6,0.18,0.23
2022-08-17,600036,30.29,30.53,30.62,29.83,453955,1545822426.0,2.62,1.09,0.33,0.22
2022-08-18,600036,30.42,30.01,30.46,29.73,507344,1709182803.0,2.39,-1.7,-0.52,0.25
2022-08-19,600036,29.77,30.14,30.44,29.75,428450,1455096383.0,2.3,0.43,0.13,0.21
2022-08-22,600036,29.83,29.91,30.41,29.79,525635,1773361292.0,2.06,-0.76,-0.23,0.25
2022-08-23,600036,29.88,29.39,29.89,29.31,539657,1791825378.0,1.94,-1.74,-0.52,0.26
2022-08-24,600036,29.43,29.13,29.73,29.09,589659,1950217427.0,2.18,-0.88,-0.26,0.29
2022-08-25,600036,29.19,29.98,30.06,28.88,650739,2161568446.0,4.05,2.92,0.85,0.32
2022-08-26,600036,29.99,29.99,30.33,29.62,549683,1852196046.0,2.37,0.03,0.01,0.27
2022-08-29,600036,29.6,29.57,30.11,29.4,389014,1293596316.0,2.37,-1.4,-0.42,0.19
2022-08-30,600036,29.4,30.08,30.16,29.37,590877,1983189091.0,2.67,1.72,0.51,0.29
2022-08-31,600036,29.83,31.34,31.53,29.76,1665451,5773783194.0,5.88,4.19,1.26,0.81
2022-09-01,600036,31.15,30.79,31.33,30.78,607421,2109230456.0,1.75,-1.75,-0.55,0.29
2022-09-02,600036,30.89,30.61,31.19,30.41,476635,1638046863.0,2.53,-0.58,-0.18,0.23
2022-09-05,600036,30.54,30.52,30.68,29.85,467372,1585571171.0,2.71,-0.29,-0.09,0.23
2022-09-06,600036,30.61,29.91,31.04,29.79,877561,2969378343.0,4.1,-2.0,-0.61,0.43
2022-09-07,600036,29.64,29.67,29.77,29.35,625220,2077538980.0,1.4,-0.8,-0.24,0.3
2022-09-08,600036,29.66,29.59,29.82,29.54,416672,1390770603.0,0.94,-0.27,-0.08,0.2
2022-09-09,600036,29.74,30.79,31.05,29.67,1351666,4636864234.0,4.66,4.06,1.2,0.66
2022-09-13,600036,30.74,31.64,31.94,30.58,1438611,5071277448.0,4.42,2.76,0.85,0.7
2022-09-14,600036,31.19,31.15,31.59,31.0,560786,1960637593.0,1.86,-1.55,-0.49,0.27
2022-09-15,600036,31.44,32.3,32.35,31.44,1340950,4805992201.0,2.92,3.69,1.15,0.65
2022-09-16,600036,31.98,31.24,32.29,31.21,865161,3050978941.0,3.34,-3.28,-1.06,0.42
2022-09-19,600036,31.18,31.38,31.61,31.04,449981,1578116277.0,1.82,0.45,0.14,0.22
2022-09-20,600036,31.39,30.83,31.48,30.64,504346,1745868528.0,2.68,-1.75,-0.55,0.24
2022-09-21,600036,30.74,30.7,31.17,30.15,530389,1821095332.0,3.31,-0.42,-0.13,0.26
2022-09-22,600036,30.29,30.46,30.54,30.2,385146,1310807203.0,1.11,-0.78,-0.24,0.19
2022-09-23,600036,30.29,30.65,30.95,30.29,366437,1258753251.0,2.17,0.62,0.19,0.18
2022-09-26,600036,30.31,30.24,30.81,30.13,525491,1789545993.0,2.22,-1.34,-0.41,0.25
2022-09-27,600036,30.18,30.19,30.34,29.73,475414,1604082625.0,2.02,-0.17,-0.05,0.23
2022-09-28,600036,30.08,29.96,30.29,29.71,487299,1642543374.0,1.92,-0.76,-0.23,0.24
2022-09-29,600036,30.28,29.44,30.61,29.29,617859,2073148613.0,4.41,-1.74,-0.52,0.3
2022-09-30,600036,29.55,29.94,30.24,29.41,539717,1816711650.0,2.82,1.7,0.5,0.26
2022-10-10,600036,29.28,28.09,29.38,27.54,1277991,4068516527.0,6.15,-6.18,-1.85,0.62
2022-10-11,600036,28.08,27.69,28.36,27.6,618664,1953843165.0,2.71,-1.42,-0.4,0.3
2022-10-12,600036,27.54,27.24,27.59,26.34,1173700,3590021718.0,4.51,-1.63,-0.45,0.57
2022-10-13,600036,26.76,26.18,26.85,25.99,1350381,4045377680.0,3.16,-3.89,-1.06,0.65
2022-10-14,600036,26.59,27.37,27.51,26.39,1269197,3911873392.0,4.28,4.55,1.19,0.62
2022-10-17,600036,26.99,27.31,27.47,26.83,646310,1997396404.0,2.34,-0.22,-0.06,0.31
2022-10-18,600036,27.59,27.09,27.67,26.99,562814,1739815953.0,2.49,-0.81,-0.22,0.27
2022-10-19,600036,27.01,26.55,27.36,26.5,528275,1614469066.0,3.17,-1.99,-0.54,0.26
2022-10-20,600036,26.29,26.36,26.74,26.17,551154,1657020702.0,2.15,-0.72,-0.19,0.27
2022-10-21,600036,26.44,25.87,26.56,25.79,728711,2171956543.0,2.92,-1.86,-0.49,0.35
2022-10-24,600036,25.68,24.31,25.78,24.29,1451458,4134436262.0,5.76,-6.03,-1.56,0.7
2022-10-25,600036,24.31,24.48,24.76,24.1,860282,2418347973.0,2.71,0.7,0.17,0.42
2022-10-26,600036,24.27,24.22,24.61,24.05,754022,2113201163.0,2.29,-1.06,-0.26,0.37
2022-10-27,600036,24.49,24.23,24.73,24.19,762866,2145320724.0,2.23,0.04,0.01,0.37
2022-10-28,600036,23.89,23.47,24.29,23.28,949464,2601030856.0,4.17,-3.14,-0.76,0.46
2022-10-31,600036,23.19,23.11,23.42,22.59,953033,2553633471.0,3.54,-1.53,-0.36,0.46
2022-11-01,600036,23.39,24.48,24.54,23.3,1059019,2937217653.0,5.37,5.93,1.37,0.51
2022-11-02,600036,24.45,24.71,24.99,24.14,728361,2060238785.0,3.47,0.94,0.23,0.35
2022-11-03,600036,24.64,24.34,24.67,24.17,501722,1410971285.0,2.02,-1.5,-0.37,0.24
2022-11-04,600036,24.34,25.37,25.54,24.28,926830,2676989831.0,5.18,4.23,1.03,0.45
2022-11-07,600036,25.09,25.45,25.72,24.91,545380,1585520854.0,3.19,0.32,0.08,0.26
2022-11-08,600036,25.49,25.44,25.67,25.23,439782,1281125722.0,1.73,-0.04,-0.01,0.21
2022-11-09,600036,25.44,25.47,25.84,25.29,463060,1353976618.0,2.16,0.12,0.03,0.22
2022-11-10,600036,25.29,25.48,25.59,25.06,400046,1163044393.0,2.08,0.04,0.01,0.19
2022-11-11,600036,26.39,27.53,28.09,26.0,1688717,5192860256.0,8.2,8.05,2.05,0.82
2022-11-14,600036,28.79,29.43,29.98,28.62,2049685,6818027855.0,4.94,6.9,1.9,0.99
2022-11-15,600036,29.44,29.57,30.12,29.04,913305,3043238573.0,3.67,0.48,0.14,0.44
2022-11-16,600036,29.55,29.67,29.77,29.15,614594,2043574641.0,2.1,0.34,0.1,0.3
2022-11-17,600036,29.59,28.6,29.59,28.29,1037152,3358356944.0,4.38,-3.61,-1.07,0.5
2022-11-18,600036,28.58,28.36,28.97,28.12,562732,1805184083.0,2.97,-0.84,-0.24,0.27
2022-11-21,600036,27.89,28.16,28.26,27.34,479104,1512009170.0,3.24,-0.71,-0.2,0.23
2022-11-22,600036,28.36,28.74,29.17,28.09,654167,2120960840.0,3.84,2.06,0.58,0.32
2022-11-23,600036,28.62,28.51,29.24,28.44,577644,1878620068.0,2.78,-0.8,-0.23,0.28
2022-11-24,600036,28.89,28.51,29.16,28.37,406301,1314257028.0,2.77,0.0,0.0,0.2
2022-11-25,600036,28.5,29.31,29.51,28.47,830122,2729700885.0,3.65,2.81,0.8,0.4
2022-11-28,600036,28.39,28.25,28.4,27.74,809377,2566010758.0,2.25,-3.62,-1.06,0.39
2022-11-29,600036,29.08,31.15,31.2,29.04,1753187,5977811958.0,7.65,10.27,2.9,0.85
2022-11-30,600036,30.62,31.25,31.73,30.49,873325,3048012198.0,3.98,0.32,0.1,0.42
2022-12-01,600036,32.19,31.29,32.79,31.14,831397,2948536902.0,5.28,0.13,0.04,0.4
2022-12-02,600036,31.29,30.68,31.29,30.45,598462,2055897652.0,2.68,-1.95,-0.61,0.29
2022-12-05,600036,31.26,32.39,32.39,30.9,1050604,3735713567.0,4.86,5.57,1.71,0.51
2022-12-06,600036,32.2,32.14,32.27,31.71,651104,2322429385.0,1.73,-0.77,-0.25,0.32
2022-12-07,600036,32.09,31.61,32.24,31.59,564606,2005014219.0,2.02,-1.65,-0.53,0.27
2022-12-08,600036,31.54,31.74,32.06,31.45,443552,1574334290.0,1.93,0.41,0.13,0.22
2022-12-09,600036,32.09,33.04,33.22,31.92,958163,3491269582.0,4.1,4.1,1.3,0.46
2022-12-12,600036,32.7,32.08,32.89,31.97,606262,2186064378.0,2.78,-2.91,-0.96,0.29
2022-12-13,600036,32.02,32.43,32.55,31.9,382904,1379130447.0,2.03,1.09,0.35,0.19
2022-12-14,600036,32.43,33.2,33.33,32.31,644362,2361876160.0,3.15,2.37,0.77,0.31
2022-12-15,600036,32.91,32.62,33.25,32.51,403403,1470344983.0,2.23,-1.75,-0.58,0.2
2022-12-16,600036,32.59,33.38,33.49,32.59,607820,2242781163.0,2.76,2.33,0.76,0.29
2022-12-19,600036,33.39,32.79,33.63,32.54,547843,2014825882.0,3.27,-1.77,-0.59,0.27
2022-12-20,600036,32.53,32.01,32.84,31.59,702911,2518741582.0,3.81,-2.38,-0.78,0.34
2022-12-21,600036,32.28,32.24,32.52,32.0,330498,1188825669.0,1.62,0.72,0.23,0.16
2022-12-22,600036,32.82,32.79,33.14,32.54,359715,1312827354.0,1.86,1.71,0.55,0.17
2022-12-23,600036,32.58,32.66,33.09,32.44,330584,1204442484.0,1.98,-0.4,-0.13,0.16
2022-12-26,600036,32.64,32.24,33.09,32.18,360474,1309281788.0,2.79,-1.29,-0.42,0.17
2022-12-27,600036,32.74,32.96,33.27,32.62,367907,1350814519.0,2.02,2.23,0.72,0.18
2022-12-28,600036,32.96,33.62,33.81,32.87,528860,1970716248.0,2.85,2.0,0.66,0.26
2022-12-29,600036,33.19,33.52,33.61,32.94,513629,1902491092.0,1.99,-0.3,-0.1,0.25
2022-12-30,600036,33.63,33.55,33.92,33.48,523228,1959907428.0,1.31,0.09,0.03,0.25
2023-01-03,600036,33.37,33.87,34.07,32.82,606266,2255334391.0,3.73,0.95,0.32,0.29
2023-01-04,600036,34.07,34.94,35.12,33.82,836454,3207024324.0,3.84,3.16,1.07,0.41
2023-01-05,600036,35.28,34.79,35.56,34.69,619085,2398823818.0,2.49,-0.43,-0.15,0.3
2023-01-06,600036,34.95,34.67,35.22,34.18,590007,2255711424.0,2.99,-0.34,-0.12,0.29
2023-01-09,600036,34.7,35.09,35.39,34.7,499149,1937276819.0,1.99,1.21,0.42,0.24
2023-01-10,600036,35.07,34.54,35.09,34.45,541972,2078031131.0,1.82,-1.57,-0.55,0.26
2023-01-11,600036,34.67,35.21,35.47,34.43,541707,2107076772.0,3.01,1.94,0.67,0.26
2023-01-12,600036,35.4,35.34,35.44,35.02,304349,1185494431.0,1.19,0.37,0.13,0.15
2023-01-13,600036,35.36,35.95,35.95,35.26,463767,1825772733.0,1.95,1.73,0.61,0.22
2023-01-16,600036,36.29,36.76,37.43,36.09,880469,3569434000.0,3.73,2.25,0.81,0.43
2023-01-17,600036,36.74,36.97,37.23,36.57,432047,1752751493.0,1.8,0.57,0.21,0.21
2023-01-18,600036,36.94,36.67,37.24,36.52,294675,1191075289.0,1.95,-0.81,-0.3,0.14
2023-01-19,600036,36.49,36.94,37.09,36.21,472490,1910434244.0,2.4,0.74,0.27,0.23
2023-01-20,600036,37.27,37.34,37.39,36.97,413403,1692997050.0,1.14,1.08,0.4,0.2
2023-01-30,600036,38.84,38.32,38.92,38.14,1007007,4255796700.0,2.09,2.62,0.98,0.49
2023-01-31,600036,38.64,37.5,38.64,37.5,642312,2677248182.0,2.97,-2.14,-0.82,0.31
2023-02-01,600036,37.93,36.83,37.98,36.24,916791,3709963959.0,4.64,-1.79,-0.67,0.44
2023-02-02,600036,36.99,36.32,37.04,35.84,727233,2898996931.0,3.26,-1.38,-0.51,0.35
2023-02-03,600036,36.08,35.59,36.08,35.3,638164,2506324574.0,2.15,-2.01,-0.73,0.31
2023-02-06,600036,35.01,34.64,35.03,34.17,731001,2790029317.0,2.42,-2.67,-0.95,0.35
2023-02-07,600036,34.79,34.7,35.23,34.45,426571,1643882586.0,2.25,0.17,0.06,0.21
2023-02-08,600036,34.79,34.78,35.21,34.65,317065,1222704068.0,1.61,0.23,0.08,0.15
2023-02-09,600036,34.71,34.78,35.18,34.61,498175,1920854681.0,1.64,0.0,0.0,0.24
2023-02-10,600036,34.59,34.45,34.68,34.19,411026,1567982948.0,1.41,-0.95,-0.33,0.2
2023-02-13,600036,34.19,34.01,34.27,33.36,825181,3095654450.0,2.64,-1.28,-0.44,0.4
2023-02-14,600036,34.07,34.29,34.35,33.8,486077,1836814072.0,1.62,0.82,0.28,0.24
2023-02-15,600036,34.29,33.46,34.38,33.29,771048,2872782991.0,3.18,-2.42,-0.83,0.37
2023-02-16,600036,33.49,33.56,34.14,33.31,654152,2453427441.0,2.48,0.3,0.1,0.32
2023-02-17,600036,33.44,33.0,33.67,32.97,575813,2130963531.0,2.09,-1.67,-0.56,0.28
2023-02-20,600036,33.11,34.78,34.8,33.11,1080228,4089276990.0,5.12,5.39,1.78,0.52
2023-02-21,600036,34.72,34.98,35.11,34.42,530465,2043801362.0,1.98,0.58,0.2,0.26
2023-02-22,600036,34.75,34.45,34.89,34.43,383091,1467027311.0,1.32,-1.52,-0.53,0.19
2023-02-23,600036,34.45,34.56,35.06,34.45,370638,1423074975.0,1.77,0.32,0.11,0.18
2023-02-24,600036,34.46,33.75,34.54,33.69,533690,2011474600.0,2.46,-2.34,-0.81,0.26
2023-02-27,600036,33.56,33.45,33.87,33.38,449334,1674343230.0,1.45,-0.89,-0.3,0.22
2023-02-28,600036,33.46,33.6,33.77,33.14,378226,1405386500.0,1.88,0.45,0.15,0.18
2023-03-01,600036,33.54,34.54,34.63,33.49,571194,2169732585.0,3.39,2.8,0.94,0.28
2023-03-02,600036,34.33,34.54,34.79,34.06,349070,1332878911.0,2.11,0.0,0.0,0.17
2023-03-03,600036,34.79,34.54,35.06,34.19,357114,1365470222.0,2.52,0.0,0.0,0.17
2023-03-06,600036,34.31,33.29,34.52,33.2,810519,3015166370.0,3.82,-3.62,-1.25,0.39
2023-03-07,600036,33.18,32.85,33.77,32.7,737411,2722185234.0,3.21,-1.32,-0.44,0.36
2023-03-08,600036,32.54,32.29,32.61,32.09,616584,2216886862.0,1.58,-1.7,-0.56,0.3
2023-03-09,600036,32.29,31.87,32.37,31.79,539996,1928666141.0,1.8,-1.3,-0.42,0.26
2023-03-10,600036,31.34,31.32,31.95,31.24,558454,1963698972.0,2.23,-1.73,-0.55,0.27
2023-03-13,600036,31.21,31.34,31.67,31.0,584205,2046110685.0,2.14,0.06,0.02,0.28
2023-03-14,600036,30.97,30.87,31.22,30.63,626668,2168927834.0,1.88,-1.5,-0.47,0.3
2023-03-15,600036,31.44,31.17,32.0,31.17,676384,2380639264.0,2.69,0.97,0.3,0.33
2023-03-16,600036,30.79,30.94,31.44,30.5,403895,1401995822.0,3.02,-0.74,-0.23,0.2
2023-03-17,600036,31.31,30.65,31.66,30.31,832716,2893458533.0,4.36,-0.94,-0.29,0.4
2023-03-20,600036,30.73,30.41,31.2,30.31,520725,1790157157.0,2.9,-0.78,-0.24,0.25
2023-03-21,600036,30.5,30.52,30.79,30.3,367475,1256872360.0,1.61,0.36,0.11,0.18
2023-03-22,600036,30.81,30.83,31.02,30.57,459867,1587045184.0,1.47,1.02,0.31,0.22
2023-03-23,600036,30.69,31.49,31.63,30.61,542146,1890730123.0,3.31,2.14,0.66,0.26
2023-03-24,600036,31.27,30.72,31.27,30.52,678718,2342134999.0,2.38,-2.45,-0.77,0.33
2023-03-27,600036,30.89,30.5,30.89,30.34,449836,1538661024.0,1.79,-0.72,-0.22,0.22
2023-03-28,600036,30.7,30.69,31.01,30.47,533234,1834470874.0,1.77,0.62,0.19,0.26
2023-03-29,600036,30.9,30.41,30.99,30.39,418630,1433206733.0,1.96,-0.91,-0.28,0.2
2023-03-30,600036,30.44,30.64,30.68,30.0,562290,1915822304.0,2.24,0.76,0.23,0.27
2023-03-31,600036,30.65,30.56,31.11,30.43,577794,1993103479.0,2.22,-0.26,-0.08,0.28
2023-04-03,600036,30.6,30.66,30.74,30.27,504675,1727952628.0,1.54,0.33,0.1,0.24
2023-04-04,600036,30.67,30.57,30.71,30.35,487821,1668757196.0,1.17,-0.29,-0.09,0.24
2023-04-06,600036,30.46,30.09,30.46,30.02,486796,1650684312.0,1.44,-1.57,-0.48,0.24
2023-04-07,600036,30.14,30.43,30.55,30.04,394141,1343439511.0,1.69,1.13,0.34,0.19
2023-04-10,600036,30.44,30.53,30.59,30.26,330159,1128256665.0,1.08,0.33,0.1,0.16
2023-04-11,600036,30.53,30.02,30.63,29.92,733992,2485887912.0,2.33,-1.67,-0.51,0.36
2023-04-12,600036,30.18,30.03,30.24,29.95,416128,1403968679.0,0.97,0.03,0.01,0.2
2023-04-13,600036,29.94,30.3,30.53,29.54,634305,2142100175.0,3.3,0.9,0.27,0.31
2023-04-14,600036,30.49,30.68,31.08,30.31,693923,2387857214.0,2.54,1.25,0.38,0.34
2023-04-17,600036,30.61,31.49,31.49,30.39,893730,3107511587.0,3.59,2.64,0.81,0.43
2023-04-18,600036,31.5,31.97,32.64,31.41,942715,3375509116.0,3.91,1.52,0.48,0.46
2023-04-19,600036,32.13,31.79,32.13,31.59,510886,1815680622.0,1.69,-0.56,-0.18,0.25
2023-04-20,600036,31.89,31.28,32.03,31.15,680915,2393722845.0,2.77,-1.6,-0.51,0.33
2023-04-21,600036,31.28,30.79,31.47,30.72,531591,1849378443.0,2.4,-1.57,-0.49,0.26
2023-04-24,600036,30.81,29.89,30.98,29.8,729874,2474101753.0,3.83,-2.92,-0.9,0.35
2023-04-25,600036,29.9,30.32,30.43,29.8,512213,1731551113.0,2.11,1.44,0.43,0.25
2023-04-26,600036,30.09,30.11,30.25,29.64,496501,1673601450.0,2.01,-0.69,-0.21,0.24
2023-04-27,600036,29.26,28.92,29.28,28.43,1559279,5072330698.0,2.82,-3.95,-1.19,0.76
2023-04-28,600036,28.75,29.89,30.04,28.7,940213,3136764115.0,4.63,3.35,0.97,0.46
2023-05-04,600036,29.58,30.42,30.69,29.12,725433,2457318979.0,5.25,1.77,0.53,0.35
2023-05-05,600036,30.47,30.98,31.35,30.44,800890,2785096474.0,2.99,1.84,0.56,0.39
2023-05-08,600036,31.15,31.89,32.24,30.93,1064266,3773892300.0,4.23,2.94,0.91,0.52
2023-05-09,600036,31.97,31.28,32.39,31.25,985530,3503564878.0,3.57,-1.91,-0.61,0.48
2023-05-10,600036,31.19,30.69,31.41,30.58,638374,2203715637.0,2.65,-1.89,-0.59,0.31
2023-05-11,600036,30.89,30.74,31.62,30.69,445803,1547837683.0,3.03,0.16,0.05,0.22
2023-05-12,600036,30.76,30.33,30.84,30.29,459366,1569062497.0,1.79,-1.33,-0.41,0.22
2023-05-15,600036,30.38,30.99,31.14,30.0,528095,1811811263.0,3.76,2.18,0.66,0.26
2023-05-16,600036,31.24,31.11,31.49,30.86,385248,1341479236.0,2.03,0.39,0.12,0.19
2023-05-17,600036,31.1,30.79,31.42,30.72,396376,1380094248.0,2.25,-1.03,-0.32,0.19
2023-05-18,600036,31.02,30.74,31.13,30.5,329012,1137523121.0,2.05,-0.16,-0.05,0.16
2023-05-19,600036,30.64,30.24,30.74,30.23,392990,1339332375.0,1.66,-1.63,-0.5,0.19
2023-05-22,600036,30.27,30.49,30.63,30.27,296934,1014463033.0,1.19,0.83,0.25,0.14
2023-05-23,600036,30.5,29.89,30.67,29.89,346921,1177389441.0,2.56,-1.97,-0.6,0.17
2023-05-24,600036,29.88,29.22,29.88,29.22,463999,1541649339.0,2.21,-2.24,-0.67,0.22
2023-05-25,600036,29.05,28.71,29.05,28.45,706051,2286618239.0,2.05,-1.75,-0.51,0.34
2023-05-26,600036,28.73,29.03,29.15,28.51,294624,958855792.0,2.23,1.11,0.32,0.14
2023-05-29,600036,29.24,28.98,29.24,28.73,387301,1263259965.0,1.76,-0.17,-0.05,0.19
2023-05-30,600036,28.98,28.93,29.19,28.65,340072,1108840100.0,1.86,-0.17,-0.05,0.16
2023-05-31,600036,28.89,28.59,29.09,28.53,525414,1704091986.0,1.94,-1.18,-0.34,0.25
2023-06-01,600036,28.6,28.35,28.79,28.31,472399,1521250952.0,1.68,-0.84,-0.24,0.23
2023-06-02,600036,28.51,29.36,29.39,28.49,558856,1829053080.0,3.17,3.56,1.01,0.27
2023-06-05,600036,29.36,29.33,29.56,29.13,312730,1033695634.0,1.46,-0.1,-0.03,0.15
2023-06-06,600036,29.33,29.36,30.09,29.27,386634,1288946278.0,2.8,0.1,0.03,0.19
2023-06-07,600036,29.54,29.59,29.9,29.45,338906,1132209544.0,1.53,0.78,0.23,0.16
2023-06-08,600036,29.61,30.37,30.51,29.51,549615,1859578016.0,3.38,2.64,0.78,0.27
2023-06-09,600036,30.34,30.03,30.54,30.03,415109,1408235126.0,1.68,-1.12,-0.34,0.2
2023-06-12,600036,30.02,30.02,30.21,29.67,406774,1370601854.0,1.8,-0.03,-0.01,0.2
2023-06-13,600036,29.85,30.02,30.23,29.79,231246,779060071.0,1.47,0.0,0.0,0.11
2023-06-14,600036,30.22,29.68,30.33,29.68,382633,1289658685.0,2.17,-1.13,-0.34,0.19
2023-06-15,600036,29.79,30.01,30.08,29.6,369537,1239411035.0,1.62,1.11,0.33,0.18
2023-06-16,600036,30.15,30.22,30.33,30.04,426806,1448460382.0,0.97,0.7,0.21,0.21
2023-06-19,600036,30.2,29.87,30.2,29.85,278961,939883957.0,1.16,-1.16,-0.35,0.14
2023-06-20,600036,29.79,29.48,29.85,29.39,307649,1024392135.0,1.54,-1.31,-0.39,0.15
2023-06-21,600036,29.35,29.46,29.93,29.29,427866,1426164911.0,2.17,-0.07,-0.02,0.21
2023-06-26,600036,29.22,28.9,29.39,28.71,432103,1410658235.0,2.31,-1.9,-0.56,0.21
2023-06-27,600036,28.92,29.11,29.3,28.73,345715,1132557913.0,1.97,0.73,0.21,0.17
2023-06-28,600036,29.1,29.34,29.47,29.01,333818,1100128735.0,1.58,0.79,0.23,0.16
2023-06-29,600036,29.34,28.97,29.47,28.96,258548,848217753.0,1.74,-1.26,-0.37,0.13
2023-06-30,600036,29.02,29.05,29.29,28.93,293613,964762581.0,1.24,0.28,0.08,0.14
2023-07-03,600036,29.19,30.01,30.05,29.09,453668,1515242663.0,3.3,3.3,0.96,0.22
2023-07-04,600036,29.89,29.8,29.89,29.65,224087,749827211.0,0.8,-0.7,-0.21,0.11
2023-07-05,600036,29.79,29.32,29.79,29.13,413072,1365494250.0,2.21,-1.61,-0.48,0.2
2023-07-06,600036,29.32,28.87,29.41,28.8,407842,1334753417.0,2.08,-1.53,-0.45,0.2
2023-07-07,600036,28.79,28.6,28.87,28.58,472794,1530388129.0,1.0,-0.94,-0.27,0.23
2023-07-10,600036,28.81,28.74,28.98,28.62,272077,883689382.0,1.26,0.49,0.14,0.13
2023-07-11,600036,29.02,29.0,29.09,28.76,329167,1074347765.0,1.15,0.9,0.26,0.16
2023-07-12,600036,29.01,29.49,29.73,29.01,632049,2098753494.0,2.48,1.69,0.49,0.31
2023-07-13,600036,30.02,29.88,30.03,29.48,563850,1791570807.0,1.87,1.32,0.39,0.27
2023-07-14,600036,29.97,29.96,30.22,29.81,347521,1111472582.0,1.37,0.27,0.08,0.17
2023-07-17,600036,29.8,29.68,29.81,29.46,262003,827190406.0,1.17,-0.93,-0.28,0.13
2023-07-18,600036,29.68,29.49,29.8,29.42,316389,996591508.0,1.28,-0.64,-0.19,0.15
2023-07-19,600036,29.32,29.61,29.67,29.29,240296,755090293.0,1.29,0.41,0.12,0.12
2023-07-20,600036,29.8,29.72,30.13,29.63,272394,867690876.0,1.69,0.37,0.11,0.13
2023-07-21,600036,29.83,29.83,30.01,29.64,315669,1004431833.0,1.24,0.37,0.11,0.15
2023-07-24,600036,29.49,29.48,29.76,29.43,239122,753332483.0,1.11,-1.17,-0.35,0.12
2023-07-25,600036,30.03,31.3,31.38,30.03,1261621,4159900848.0,4.58,6.17,1.82,0.61
2023-07-26,600036,31.3,31.38,31.76,31.1,501751,1673625171.0,2.11,0.26,0.08,0.24
2023-07-27,600036,31.53,31.69,31.85,31.23,548489,1845231370.0,1.98,0.99,0.31,0.27
2023-07-28,600036,31.52,33.13,33.32,31.44,1256288,4358344107.0,5.93,4.54,1.44,0.61
2023-07-31,600036,33.55,33.59,34.07,33.04,1162756,4127807307.0,3.11,1.39,0.46,0.56
2023-08-01,600036,33.56,33.02,33.61,32.8,660096,2316910863.0,2.41,-1.7,-0.57,0.32
2023-08-02,600036,32.19,32.06,32.85,31.8,915358,3124298660.0,3.18,-2.91,-0.96,0.44
2023-08-03,600036,32.05,32.71,32.81,31.9,509294,1750414829.0,2.84,2.03,0.65,0.25
2023-08-04,600036,33.11,32.91,33.53,32.75,812642,2854335236.0,2.38,0.61,0.2,0.39
2023-08-07,600036,32.78,32.53,32.81,32.31,344672,1187405635.0,1.52,-1.15,-0.38,0.17
2023-08-08,600036,32.36,32.18,32.68,31.84,502283,1715919700.0,2.58,-1.08,-0.35,0.24
2023-08-09,600036,32.05,32.05,32.34,31.98,386833,1318960193.0,1.12,-0.4,-0.13,0.19
2023-08-10,600036,31.93,32.17,32.28,31.83,287725,978706457.0,1.4,0.37,0.12,0.14
2023-08-11,600036,32.19,31.18,32.5,31.18,606240,2032299867.0,4.1,-3.08,-0.99,0.29
2023-08-14,600036,30.83,30.49,30.86,30.28,667073,2167337311.0,1.86,-2.21,-0.69,0.32
2023-08-15,600036,30.49,30.39,30.67,30.18,582959,1887265044.0,1.61,-0.33,-0.1,0.28
2023-08-16,600036,30.18,30.0,30.28,29.91,580152,1857011416.0,1.22,-1.28,-0.39,0.28
2023-08-17,600036,29.81,29.82,29.9,29.52,646076,2043578651.0,1.27,-0.6,-0.18,0.31
2023-08-18,600036,29.78,29.91,30.66,29.78,674595,2169641216.0,2.95,0.3,0.09,0.33
2023-08-21,600036,29.84,29.16,29.87,29.16,809575,2537398399.0,2.37,-2.51,-0.75,0.39
2023-08-22,600036,29.24,29.35,29.5,29.03,601070,1877097295.0,1.61,0.65,0.19,0.29
2023-08-23,600036,29.23,28.88,29.47,28.88,560744,1743312676.0,2.01,-1.6,-0.47,0.27
2023-08-24,600036,29.03,29.09,29.18,28.83,412256,1277299345.0,1.21,0.73,0.21,0.2
2023-08-25,600036,29.03,29.59,29.88,28.93,647471,2028793535.0,3.27,1.72,0.5,0.31
2023-08-28,600036,31.33,30.29,31.96,30.06,1405094,4608776006.0,6.42,2.37,0.7,0.68
2023-08-29,600036,30.29,30.07,30.47,29.8,721170,2310485794.0,2.21,-0.73,-0.22,0.35
2023-08-30,600036,30.22,29.69,30.22,29.58,639802,2031430069.0,2.13,-1.26,-0.38,0.31
2023-08-31,600036,29.83,29.58,30.11,29.52,503220,1595044491.0,1.99,-0.37,-0.11,0.24
2023-09-01,600036,29.98,30.3,30.66,29.91,697526,2250478414.0,2.54,2.43,0.72,0.34
2023-09-04,600036,30.61,31.56,31.64,30.5,1104299,3671655441.0,3.76,4.16,1.26,0.54
2023-09-05,600036,31.33,31.14,31.47,31.0,447323,1483496734.0,1.49,-1.33,-0.42,0.22
2023-09-06,600036,31.13,31.39,31.49,30.8,546740,1812037299.0,2.22,0.8,0.25,0.27
2023-09-07,600036,31.34,31.17,31.34,31.04,358702,1188879205.0,0.96,-0.7,-0.22,0.17
2023-09-08,600036,31.03,31.2,31.29,30.98,298501,989879153.0,0.99,0.1,0.03,0.14
2023-09-11,600036,31.16,30.94,31.32,30.94,632874,2091952941.0,1.22,-0.83,-0.26,0.31
2023-09-12,600036,30.93,30.91,31.08,30.85,277591,914017922.0,0.74,-0.1,-0.03,0.13
2023-09-13,600036,30.98,30.78,31.11,30.69,298915,980129608.0,1.36,-0.42,-0.13,0.14
2023-09-14,600036,30.98,31.1,31.22,30.88,437344,1443840329.0,1.1,1.04,0.32,0.21
2023-09-15,600036,31.33,30.99,31.45,30.83,439602,1453249853.0,1.99,-0.35,-0.11,0.21
2023-09-18,600036,30.9,31.05,31.08,30.73,360402,1186454306.0,1.13,0.19,0.06,0.17
2023-09-19,600036,31.03,30.99,31.03,30.75,384653,1263587161.0,0.9,-0.19,-0.06,0.19
2023-09-20,600036,30.89,30.76,30.89,30.66,309318,1012842173.0,0.74,-0.74,-0.23,0.15
2023-09-21,600036,30.78,30.4,30.84,30.4,390319,1270724458.0,1.43,-1.17,-0.36,0.19
2023-09-22,600036,30.62,31.37,31.4,30.35,712833,2349131841.0,3.45,3.19,0.97,0.35
2023-09-25,600036,31.31,31.03,31.31,30.93,456515,1506238619.0,1.21,-1.08,-0.34,0.22
2023-09-26,600036,30.96,30.83,31.11,30.78,322024,1058673650.0,1.06,-0.64,-0.2,0.16
2023-09-27,600036,30.93,30.85,31.12,30.78,352467,1159673830.0,1.1,0.06,0.02,0.17
2023-09-28,600036,31.05,31.0,31.17,30.78,388565,1280959169.0,1.26,0.49,0.15,0.19
2023-10-09,600036,30.73,30.61,30.73,30.41,361343,1176010754.0,1.03,-1.26,-0.39,0.18
2023-10-10,600036,31.15,30.62,31.16,30.62,342637,1123856356.0,1.76,0.03,0.01,0.17
2023-10-11,600036,30.87,30.48,30.88,30.43,376091,1226529938.0,1.47,-0.46,-0.14,0.18
2023-10-12,600036,31.02,31.1,31.36,30.81,617460,2041713576.0,1.8,2.03,0.62,0.3
2023-10-13,600036,30.81,30.64,30.91,30.54,410372,1341527525.0,1.19,-1.48,-0.46,0.2
2023-10-16,600036,30.61,30.34,30.69,30.27,286774,928068013.0,1.37,-0.98,-0.3,0.14
2023-10-17,600036,30.42,30.55,30.63,30.25,286229,928757316.0,1.25,0.69,0.21,0.14
2023-10-18,600036,30.52,30.52,30.67,30.44,249317,810933178.0,0.75,-0.1,-0.03,0.12
2023-10-19,600036,30.43,29.6,30.43,29.55,604293,1922080369.0,2.88,-3.01,-0.92,0.29
2023-10-20,600036,29.52,29.68,29.84,29.43,372589,1178535483.0,1.39,0.27,0.08,0.18
2023-10-23,600036,29.62,29.26,29.68,29.03,393802,1232365016.0,2.19,-1.42,-0.42,0.19
2023-10-24,600036,29.41,29.33,29.44,29.07,365527,1142319006.0,1.26,0.24,0.07,0.18
2023-10-25,600036,29.63,29.45,29.78,29.23,375693,1179249724.0,1.88,0.41,0.12,0.18
2023-10-26,600036,29.39,29.53,29.78,29.29,287030,904374422.0,1.66,0.27,0.08,0.14
2023-10-27,600036,29.48,29.56,29.68,29.18,391453,1231933968.0,1.69,0.1,0.03,0.19
2023-10-30,600036,29.04,28.93,29.16,28.58,838501,2582604676.0,1.96,-2.13,-0.63,0.41
2023-10-31,600036,28.77,28.79,29.02,28.64,528016,1624462290.0,1.31,-0.48,-0.14,0.26
2023-11-01,600036,28.83,28.48,28.91,28.46,529897,1617976148.0,1.56,-1.08,-0.31,0.26
2023-11-02,600036,28.63,28.71,28.84,28.54,364668,1118895486.0,1.05,0.81,0.23,0.18
2023-11-03,600036,28.71,29.02,29.07,28.63,439569,1357177293.0,1.53,1.08,0.31,0.21
2023-11-06,600036,29.18,29.17,29.38,28.99,519824,1617714882.0,1.34,0.52,0.15,0.25
2023-11-07,600036,29.17,28.83,29.17,28.68,516241,1589834114.0,1.68,-1.17,-0.34,0.25
2023-11-08,600036,28.77,28.63,28.81,28.53,445183,1363161957.0,0.97,-0.69,-0.2,0.22
2023-11-09,600036,28.58,28.69,28.81,28.55,327650,1003833045.0,0.91,0.21,0.06,0.16
2023-11-10,600036,28.53,28.19,28.59,28.13,516965,1561581974.0,1.6,-1.74,-0.5,0.25
2023-11-13,600036,28.2,27.85,28.3,27.64,634243,1891693842.0,2.34,-1.21,-0.34,0.31
2023-11-14,600036,27.9,28.23,28.23,27.89,448343,1347710790.0,1.22,1.36,0.38,0.22
2023-11-15,600036,28.48,28.67,28.8,28.42,601940,1842095992.0,1.35,1.56,0.44,0.29
2023-11-16,600036,28.7,28.57,28.8,28.4,315720,965161754.0,1.4,-0.35,-0.1,0.15
2023-11-17,600036,28.49,28.36,28.55,28.13,432453,1308022703.0,1.47,-0.74,-0.21,0.21
2023-11-20,600036,28.37,28.61,28.62,28.17,369227,1123420442.0,1.59,0.88,0.25,0.18
2023-11-21,600036,28.78,28.46,28.9,28.4,488545,1497630759.0,1.75,-0.52,-0.15,0.24
2023-11-22,600036,28.33,28.19,28.44,28.18,273705,828342908.0,0.91,-0.95,-0.27,0.13
2023-11-23,600036,28.05,28.17,28.24,27.98,299794,900540283.0,0.92,-0.07,-0.02,0.15
2023-11-24,600036,28.09,28.03,28.13,27.96,291163,873539196.0,0.6,-0.5,-0.14,0.14
2023-11-27,600036,28.03,27.43,28.06,27.32,581020,1714186982.0,2.64,-2.14,-0.6,0.28
2023-11-28,600036,27.44,27.19,27.52,27.07,475165,1389229278.0,1.64,-0.87,-0.24,0.23
2023-11-29,600036,27.23,26.83,27.27,26.71,620638,1789462813.0,2.06,-1.32,-0.36,0.3
2023-11-30,600036,26.83,26.82,27.01,26.63,551560,1585194742.0,1.42,-0.04,-0.01,0.27
2023-12-01,600036,26.75,26.29,26.77,26.1,882736,2496795770.0,2.5,-1.98,-0.53,0.43
2023-12-04,600036,26.3,26.11,26.49,26.05,557878,1569603288.0,1.67,-0.68,-0.18,0.27
2023-12-05,600036,26.09,25.54,26.1,25.53,618902,1717656519.0,2.18,-2.18,-0.57,0.3
2023-12-06,600036,25.59,25.79,25.99,25.48,611259,1697947805.0,2.0,0.98,0.25,0.3
2023-12-07,600036,25.8,25.84,25.97,25.32,594967,1643064047.0,2.52,0.19,0.05,0.29
2023-12-08,600036,25.73,25.53,25.98,25.53,533498,1479206064.0,1.74,-1.2,-0.31,0.26
2023-12-11,600036,25.28,25.79,25.88,24.93,758086,2067921108.0,3.72,1.02,0.26,0.37
2023-12-12,600036,25.73,26.08,26.1,25.64,504201,1409339298.0,1.78,1.12,0.29,0.24
2023-12-13,600036,25.95,25.25,25.95,25.23,671239,1844591027.0,2.76,-3.18,-0.83,0.33
2023-12-14,600036,25.47,25.06,25.67,25.06,445268,1214879008.0,2.42,-0.75,-0.19,0.22
2023-12-15,600036,25.5,25.26,26.08,25.23,980687,2697705037.0,3.39,0.8,0.2,0.48
2023-12-18,600036,25.03,25.31,25.41,24.93,477164,1299068335.0,1.9,0.2,0.05,0.23
2023-12-19,600036,25.23,25.32,25.38,25.05,376574,1024185206.0,1.3,0.04,0.01,0.18
2023-12-20,600036,25.34,25.09,25.44,25.09,531128,1446520286.0,1.38,-0.91,-0.23,0.26
2023-12-21,600036,25.01,25.74,25.78,24.95,759105,2082187758.0,3.31,2.59,0.65,0.37
2023-12-22,600036,25.81,25.64,25.88,25.44,623644,1721377205.0,1.71,-0.39,-0.1,0.3
2023-12-25,600036,25.63,25.56,25.75,25.45,419034,1154001375.0,1.17,-0.31,-0.08,0.2
2023-12-26,600036,25.52,25.3,25.52,25.19,365257,997177589.0,1.29,-1.02,-0.26,0.18
2023-12-27,600036,25.36,25.33,25.4,25.08,410637,1117439216.0,1.26,0.12,0.03,0.2
2023-12-28,600036,25.28,26.02,26.16,25.28,1061063,2953200858.0,3.47,2.72,0.69,0.51
2023-12-29,600036,25.93,25.85,26.08,25.8,655773,1827818811.0,1.08,-0.65,-0.17,0.32
2024-01-02,600036,25.98,25.61,25.99,25.59,542195,1500865548.0,1.55,-0.93,-0.24,0.26
2024-01-03,600036,25.61,25.8,25.87,25.55,433956,1200383624.0,1.25,0.74,0.19,0.21
2024-01-04,600036,25.79,25.84,25.86,25.39,637102,1759101593.0,1.82,0.16,0.04,0.31
2024-01-05,600036,25.78,26.32,26.81,25.65,1190633,3376466447.0,4.49,1.86,0.48,0.58
2024-01-08,600036,26.2,26.16,26.62,25.98,816821,2305065736.0,2.43,-0.61,-0.16,0.4
2024-01-09,600036,26.15,26.2,26.31,25.93,558663,1569684230.0,1.45,0.15,0.04,0.27
2024-01-10,600036,26.05,26.08,26.38,26.05,453640,1277638873.0,1.26,-0.46,-0.12,0.22
2024-01-11,600036,26.03,26.41,26.6,25.88,735318,2082611272.0,2.76,1.27,0.33,0.36
2024-01-12,600036,26.29,26.57,26.81,26.29,577832,1652242626.0,1.97,0.61,0.16,0.28
2024-01-15,600036,26.53,26.8,26.97,26.4,482452,1383953760.0,2.15,0.87,0.23,0.23
2024-01-16,600036,26.66,27.16,27.16,26.63,853440,2469511282.0,1.98,1.34,0.36,0.41
2024-01-17,600036,27.15,27.22,27.61,27.06,1308601,3843478823.0,2.03,0.22,0.06,0.63
2024-01-18,600036,26.97,27.61,27.71,26.63,1295126,3762050846.0,3.97,1.43,0.39,0.63
2024-01-19,600036,27.4,27.76,27.93,27.17,968616,2865398412.0,2.75,0.54,0.15,0.47
2024-01-22,600036,27.79,28.28,28.53,27.73,1549703,4691297100.0,2.88,1.87,0.52,0.75
2024-01-23,600036,28.04,28.02,28.38,27.83,886056,2661547376.0,1.94,-0.92,-0.26,0.43
2024-01-24,600036,28.18,28.12,28.32,27.41,974892,2904947629.0,3.25,0.36,0.1,0.47
2024-01-25,600036,28.34,28.93,29.03,28.21,1234509,3791899866.0,2.92,2.88,0.81,0.6
2024-01-26,600036,28.95,29.15,29.38,28.69,1009916,3132788305.0,2.39,0.76,0.22,0.49
2024-01-29,600036,29.23,29.38,29.63,29.2,838824,2632393040.0,1.48,0.79,0.23,0.41
2024-01-30,600036,29.23,29.03,29.53,28.81,743999,2316762500.0,2.45,-1.19,-0.35,0.36
2024-01-31,600036,28.95,28.74,29.22,28.62,808949,2494516011.0,2.07,-1.0,-0.29,0.39
2024-02-01,600036,28.7,28.45,28.87,28.23,859700,2621519218.0,2.23,-1.01,-0.29,0.42
2024-02-02,600036,28.48,28.26,28.69,27.67,987292,2986530108.0,3.59,-0.67,-0.19,0.48
2024-02-05,600036,28.26,28.74,28.98,28.09,1063979,3246673368.0,3.15,1.7,0.48,0.52
2024-02-06,600036,28.74,29.36,29.38,28.63,1062158,3296036540.0,2.61,2.16,0.62,0.51
2024-02-07,600036,29.45,29.34,29.51,28.84,1110511,3458135329.0,2.28,-0.07,-0.02,0.54
2024-02-08,600036,29.34,29.43,29.48,29.05,873004,2728137528.0,1.47,0.31,0.09,0.42
2024-02-19,600036,30.02,29.65,30.02,29.44,875490,2770406837.0,1.97,0.75,0.22,0.42
2024-02-20,600036,29.65,29.43,29.65,29.32,606405,1907541533.0,1.11,-0.74,-0.22,0.29
2024-02-21,600036,29.43,31.03,31.42,29.38,1528656,5003152628.0,6.93,5.44,1.6,0.74
2024-02-22,600036,30.84,30.83,30.98,30.42,752760,2461009465.0,1.8,-0.64,-0.2,0.36
2024-02-23,600036,30.84,30.98,31.43,30.65,639849,2118316307.0,2.53,0.49,0.15,0.31
2024-02-26,600036,30.89,30.28,31.09,30.11,666390,2163023087.0,3.16,-2.26,-0.7,0.32
2024-02-27,600036,30.27,30.21,30.43,30.02,543492,1746108592.0,1.35,-0.23,-0.07,0.26
2024-02-28,600036,30.32,30.05,30.32,29.63,683708,2186677932.0,2.28,-0.53,-0.16,0.33
2024-02-29,600036,29.92,30.07,30.23,29.88,498928,1595634178.0,1.16,0.07,0.02,0.24
2024-03-01,600036,29.95,29.97,30.11,29.78,427174,1361853701.0,1.1,-0.33,-0.1,0.21
2024-03-04,600036,29.79,29.55,29.9,29.5,591350,1868022544.0,1.33,-1.4,-0.42,0.29
2024-03-05,600036,29.45,30.21,30.24,29.34,894029,2850224114.0,3.05,2.23,0.66,0.43
2024-03-06,600036,30.17,29.9,30.29,29.9,516102,1655425115.0,1.29,-1.03,-0.31,0.25
2024-03-07,600036,29.9,30.03,30.16,29.81,519492,1659111449.0,1.17,0.43,0.13,0.25
2024-03-08,600036,29.92,29.7,30.04,29.58,441071,1399732269.0,1.53,-1.1,-0.33,0.21
2024-03-11,600036,29.58,29.51,29.78,29.23,738538,2318402185.0,1.85,-0.64,-0.19,0.36
2024-03-12,600036,29.45,29.98,30.18,29.31,769254,2447163517.0,2.95,1.59,0.47,0.37
2024-03-13,600036,29.99,29.55,30.02,29.46,469387,1482651384.0,1.87,-1.43,-0.43,0.23
2024-03-14,600036,29.49,29.28,29.75,29.19,508175,1595073269.0,1.9,-0.91,-0.27,0.25
2024-03-15,600036,29.27,29.21,29.45,29.03,520781,1621589213.0,1.43,-0.24,-0.07,0.25
2024-03-18,600036,29.18,29.16,29.37,29.03,461898,1436837360.0,1.16,-0.17,-0.05,0.22
2024-03-19,600036,29.13,28.83,29.14,28.76,547025,1688506946.0,1.3,-1.13,-0.33,0.27
2024-03-20,600036,28.83,29.21,29.23,28.69,498272,1544956631.0,1.87,1.32,0.38,0.24
2024-03-21,600036,29.2,29.58,29.79,29.08,646761,2040298376.0,2.43,1.27,0.37,0.31
2024-03-22,600036,29.56,29.23,29.58,28.93,552879,1722145156.0,2.2,-1.18,-0.35,0.27
2024-03-25,600036,29.14,29.38,29.54,28.95,483759,1514858505.0,2.02,0.51,0.15,0.23
2024-03-26,600036,29.83,30.43,30.69,29.76,1244308,4014510510.0,3.17,3.57,1.05,0.6
2024-03-27,600036,30.32,30.33,30.68,30.24,782085,2539984050.0,1.45,-0.33,-0.1,0.38
2024-03-28,600036,30.37,30.21,30.53,30.1,694745,2242513222.0,1.42,-0.4,-0.12,0.34
2024-03-29,600036,30.13,30.23,30.67,30.1,514001,1663236764.0,1.89,0.07,0.02,0.25
2024-04-01,600036,30.21,30.67,30.88,30.21,570152,1861582316.0,2.22,1.46,0.44,0.28
2024-04-02,600036,30.73,30.58,30.95,30.47,536619,1753251097.0,1.57,-0.29,-0.09,0.26
2024-04-03,600036,30.57,30.26,30.66,30.26,498082,1612691616.0,1.31,-1.05,-0.32,0.24
2024-04-08,600036,30.27,30.43,30.59,30.06,477291,1544564957.0,1.75,0.56,0.17,0.23
2024-04-09,600036,30.53,30.34,30.66,30.34,384772,1248965235.0,1.05,-0.3,-0.09,0.19
2024-04-10,600036,30.22,30.52,30.71,30.22,504014,1638691786.0,1.62,0.59,0.18,0.24
2024-04-11,600036,30.34,30.33,30.45,30.16,443748,1432073801.0,0.95,-0.62,-0.19,0.22
2024-04-12,600036,30.31,30.15,30.5,30.09,478204,1540845216.0,1.35,-0.59,-0.18,0.23
2024-04-15,600036,30.13,30.86,31.03,30.12,764645,2503221029.0,3.02,2.35,0.71,0.37
2024-04-16,600036,30.74,30.78,31.0,30.48,741556,2429469045.0,1.69,-0.26,-0.08,0.36
2024-04-17,600036,30.72,31.33,31.52,30.5,948212,3131202074.0,3.31,1.79,0.55,0.46
2024-04-18,600036,31.29,31.68,32.13,31.22,1006574,3393695785.0,2.9,1.12,0.35,0.49
2024-04-19,600036,31.59,31.65,31.87,31.45,540384,1818443521.0,1.33,-0.09,-0.03,0.26
2024-04-22,600036,31.81,31.37,32.22,31.08,607535,2034006573.0,3.6,-0.88,-0.28,0.29
2024-04-23,600036,31.33,31.41,31.85,31.26,512452,1717681682.0,1.88,0.13,0.04,0.25
2024-04-24,600036,31.41,31.49,31.58,31.13,443384,1480785929.0,1.43,0.25,0.08,0.21
2024-04-25,600036,31.47,32.43,32.43,31.41,919482,3136628386.0,3.24,2.99,0.94,0.45
2024-04-26,600036,32.43,32.51,32.9,32.25,954899,3292052902.0,2.0,0.25,0.08,0.46
2024-04-29,600036,32.43,32.91,33.19,32.23,818064,2854804596.0,2.95,1.23,0.4,0.4
2024-04-30,600036,32.43,32.34,32.61,32.08,868042,2982962844.0,1.61,-1.73,-0.57,0.42
2024-05-06,600036,33.13,32.91,33.39,32.75,1000705,3501168456.0,1.98,1.76,0.57,0.49
2024-05-07,600036,32.91,32.9,32.98,32.66,473849,1649813221.0,0.97,-0.03,-0.01,0.23
2024-05-08,600036,32.85,32.6,32.99,32.58,412862,1434042865.0,1.25,-0.91,-0.3,0.2
2024-05-09,600036,32.63,32.87,32.96,32.63,512391,1782846432.0,1.01,0.83,0.27,0.25
2024-05-10,600036,32.87,33.65,33.88,32.83,940366,3331360840.0,3.19,2.37,0.78,0.46
2024-05-13,600036,33.47,33.94,34.1,33.36,747800,2674602938.0,2.2,0.86,0.29,0.36
2024-05-14,600036,33.92,33.37,34.16,33.23,687779,2440460309.0,2.74,-1.68,-0.57,0.33
2024-05-15,600036,33.36,33.08,33.47,32.72,674944,2361226415.0,2.25,-0.87,-0.29,0.33
2024-05-16,600036,33.11,34.28,34.48,33.03,1291476,4659047071.0,4.38,3.63,1.2,0.63
2024-05-17,600036,34.33,34.88,34.93,34.09,916879,3342837158.0,2.45,1.75,0.6,0.44
2024-05-20,600036,34.88,34.41,35.03,34.12,914250,3337501051.0,2.61,-1.35,-0.47,0.44
2024-05-21,600036,34.39,34.27,34.55,34.16,445999,1620630880.0,1.13,-0.41,-0.14,0.22
2024-05-22,600036,34.25,34.09,34.41,33.79,664477,2398900244.0,1.81,-0.53,-0.18,0.32
2024-05-23,600036,33.93,33.53,34.04,33.35,924585,3284073837.0,2.02,-1.64,-0.56,0.45
2024-05-24,600036,33.33,32.77,33.51,32.69,870440,3051224758.0,2.45,-2.27,-0.76,0.42
2024-05-27,600036,32.88,33.17,33.24,32.78,570938,1997775669.0,1.4,1.22,0.4,0.28
2024-05-28,600036,33.13,32.86,33.36,32.75,476191,1660811058.0,1.84,-0.93,-0.31,0.23
2024-05-29,600036,32.78,32.6,33.09,32.49,491041,1703567318.0,1.83,-0.79,-0.26,0.24
2024-05-30,600036,32.48,32.37,32.93,32.21,559245,1928489154.0,2.21,-0.71,-0.23,0.27
2024-05-31,600036,32.56,32.31,32.63,32.31,508932,1752657846.0,0.99,-0.19,-0.06,0.25
2024-06-03,600036,32.25,32.18,32.41,31.95,608111,2071791245.0,1.42,-0.4,-0.13,0.29
2024-06-04,600036,32.18,32.57,32.71,32.13,533788,1840296169.0,1.8,1.21,0.39,0.26
2024-06-05,600036,32.71,32.02,32.73,31.92,691041,2359792656.0,2.49,-1.69,-0.55,0.33
2024-06-06,600036,32.12,32.03,32.23,31.81,677241,2302856624.0,1.31,0.03,0.01,0.33
2024-06-07,600036,32.08,32.02,32.28,31.68,678266,2298090330.0,1.87,-0.03,-0.01,0.33
2024-06-11,600036,31.81,31.39,32.0,31.15,690448,2309722313.0,2.65,-1.97,-0.63,0.33
2024-06-12,600036,31.38,31.12,31.39,30.98,511381,1693037688.0,1.31,-0.86,-0.27,0.25
2024-06-13,600036,31.23,30.85,31.25,30.75,550184,1808251998.0,1.61,-0.87,-0.27,0.27
2024-06-14,600036,30.85,31.84,32.05,30.85,991674,3324856785.0,3.89,3.21,0.99,0.48
2024-06-17,600036,31.63,31.76,31.83,31.42,457682,1539063152.0,1.29,-0.25,-0.08,0.22
2024-06-18,600036,31.89,31.74,32.33,31.65,453675,1538144777.0,2.14,-0.06,-0.02,0.22
2024-06-19,600036,31.74,32.18,32.43,31.69,585937,1997678159.0,2.33,1.39,0.44,0.28
2024-06-20,600036,32.19,32.04,32.26,31.93,392467,1336247232.0,1.03,-0.44,-0.14,0.19
2024-06-21,600036,31.91,31.73,32.11,31.52,523963,1765822362.0,1.84,-0.97,-0.31,0.25
2024-06-24,600036,31.82,32.1,32.25,31.52,692590,2350203464.0,2.3,1.17,0.37,0.34
2024-06-25,600036,32.1,32.33,32.5,32.0,638160,2187945494.0,1.56,0.72,0.23,0.31
2024-06-26,600036,32.21,32.09,32.39,31.98,452638,1545807548.0,1.27,-0.74,-0.24,0.22
2024-06-27,600036,31.99,32.29,32.37,31.86,555173,1894891373.0,1.59,0.62,0.2,0.27
2024-06-28,600036,32.23,32.22,32.51,32.07,525749,1799951939.0,1.36,-0.22,-0.07,0.25
2024-07-01,600036,32.22,32.39,32.43,31.98,472239,1616131283.0,1.4,0.53,0.17,0.23
2024-07-02,600036,32.41,33.11,33.28,32.39,868771,3041833255.0,2.75,2.22,0.72,0.42
2024-07-03,600036,33.04,32.49,33.12,32.34,691373,2388331234.0,2.36,-1.87,-0.62,0.34
2024-07-04,600036,32.57,32.74,33.07,32.51,696919,2424281266.0,1.72,0.77,0.25,0.34
2024-07-05,600036,32.74,31.91,32.86,31.69,967783,3295568199.0,3.57,-2.54,-0.83,0.47
2024-07-08,600036,31.88,32.02,32.26,31.74,545730,1855611836.0,1.63,0.34,0.11,0.26
2024-07-09,600036,32.02,32.5,32.58,31.75,621037,2124005154.0,2.59,1.5,0.48,0.3
2024-07-10,600036,32.5,32.71,33.03,32.48,726314,2524474646.0,1.69,0.65,0.21,0.35
2024-07-11,600036,33.08,32.9,33.13,32.79,732389,2411951386.0,1.04,0.58,0.19,0.36
2024-07-12,600036,33.01,34.0,34.08,33.01,944904,3199683547.0,3.25,3.34,1.1,0.46
2024-07-15,600036,34.0,33.78,34.05,33.72,474604,1605883747.0,0.97,-0.65,-0.22,0.23
2024-07-16,600036,33.76,33.79,33.89,33.46,455793,1535668998.0,1.27,0.03,0.01,0.22
2024-07-17,600036,33.7,34.07,34.19,33.65,577954,1964635267.0,1.6,0.83,0.28,0.28
2024-07-18,600036,34.07,34.09,34.25,33.76,598627,2036474280.0,1.44,0.06,0.02,0.29
2024-07-19,600036,34.0,34.25,34.3,33.59,810072,2749172010.0,2.08,0.47,0.16,0.39
2024-07-22,600036,34.17,33.34,34.17,33.09,808206,2694241975.0,3.15,-2.66,-0.91,0.39
2024-07-23,600036,33.34,33.34,33.71,33.23,538755,1803269600.0,1.44,0.0,0.0,0.26
2024-07-24,600036,33.45,33.18,33.58,33.03,482453,1604648703.0,1.65,-0.48,-0.16,0.23
2024-07-25,600036,33.22,32.83,33.32,32.37,762079,2496804673.0,2.86,-1.05,-0.35,0.37
2024-07-26,600036,32.8,32.37,33.04,32.11,601462,1952156132.0,2.83,-1.4,-0.46,0.29
2024-07-29,600036,32.38,32.45,32.65,32.2,413475,1343740115.0,1.39,0.25,0.08,0.2
2024-07-30,600036,32.4,32.42,32.59,32.15,390782,1264925929.0,1.36,-0.09,-0.03,0.19
2024-07-31,600036,32.42,32.73,33.0,32.25,595370,1948675368.0,2.31,0.96,0.31,0.29
2024-08-01,600036,32.73,32.71,32.85,32.27,409139,1332771463.0,1.77,-0.06,-0.02,0.2
2024-08-02,600036,32.42,32.28,32.6,32.23,386130,1250037017.0,1.13,-1.31,-0.43,0.19
2024-08-05,600036,32.2,32.1,32.52,32.05,584420,1884940815.0,1.46,-0.56,-0.18,0.28
2024-08-06,600036,32.36,31.7,32.39,31.51,514389,1637765272.0,2.74,-1.25,-0.4,0.25
2024-08-07,600036,31.73,31.58,31.9,31.55,390732,1238023516.0,1.1,-0.38,-0.12,0.19
2024-08-08,600036,31.61,31.93,31.98,31.38,394600,1252394782.0,1.9,1.11,0.35,0.19
2024-08-09,600036,31.97,32.33,32.58,31.81,482748,1561254687.0,2.41,1.25,0.4,0.23
2024-08-12,600036,32.3,32.12,32.34,31.93,318943,1023447632.0,1.27,-0.65,-0.21,0.15
2024-08-13,600036,32.1,31.94,32.23,31.76,282378,902009896.0,1.46,-0.56,-0.18,0.14
2024-08-14,600036,31.9,31.86,32.14,31.81,282446,901196911.0,1.03,-0.25,-0.08,0.14
2024-08-15,600036,31.85,32.76,32.92,31.65,739790,2409557383.0,3.99,2.82,0.9,0.36
2024-08-16,600036,32.75,33.15,33.25,32.72,418503,1383877362.0,1.62,1.19,0.39,0.2
2024-08-19,600036,33.25,33.42,33.5,33.03,422843,1409948503.0,1.42,0.81,0.27,0.2
2024-08-20,600036,33.45,33.48,33.6,33.16,423729,1415473211.0,1.32,0.18,0.06,0.21
2024-08-21,600036,33.3,33.24,33.43,32.82,378101,1254587421.0,1.82,-0.72,-0.24,0.18
2024-08-22,600036,33.28,33.3,33.55,33.18,382864,1276718683.0,1.11,0.18,0.06,0.19
2024-08-23,600036,33.27,33.7,33.85,33.07,465587,1561509818.0,2.34,1.2,0.4,0.23
2024-08-26,600036,33.7,33.77,33.84,33.47,351175,1182990040.0,1.1,0.21,0.07,0.17
2024-08-27,600036,33.77,33.7,33.94,33.53,387209,1308314397.0,1.21,-0.21,-0.07,0.19
2024-08-28,600036,33.83,33.68,33.98,33.44,415232,1398682394.0,1.6,-0.06,-0.02,0.2
2024-08-29,600036,33.59,32.93,33.77,32.9,516388,1712021359.0,2.58,-2.23,-0.75,0.25
2024-08-30,600036,32.8,32.15,33.11,32.12,1112230,3618077500.0,3.01,-2.37,-0.78,0.54
2024-09-02,600036,32.0,31.93,32.38,31.84,558021,1787602792.0,1.68,-0.68,-0.22,0.27
2024-09-03,600036,32.01,31.62,32.08,31.4,505752,1596269780.0,2.13,-0.97,-0.31,0.25
2024-09-04,600036,31.53,31.36,31.93,31.35,380526,1198859446.0,1.83,-0.82,-0.26,0.18
2024-09-05,600036,31.36,31.2,31.44,30.9,542063,1687017960.0,1.72,-0.51,-0.16,0.26
2024-09-06,600036,31.25,31.25,31.74,31.2,383182,1206615762.0,1.73,0.16,0.05,0.19
2024-09-09,600036,30.98,30.24,30.99,30.04,871073,2641195521.0,3.04,-3.23,-1.01,0.42
2024-09-10,600036,30.25,30.19,30.43,29.94,476024,1435849555.0,1.62,-0.17,-0.05,0.23
2024-09-11,600036,30.14,30.08,30.2,29.93,415794,1249059023.0,0.89,-0.36,-0.11,0.2
2024-09-12,600036,30.1,30.23,30.5,29.94,410267,1242374645.0,1.86,0.5,0.15,0.2
2024-09-13,600036,30.28,30.6,30.9,30.0,495974,1520857906.0,2.98,1.22,0.37,0.24
2024-09-18,600036,30.61,31.11,31.2,30.61,418540,1295345114.0,1.93,1.67,0.51,0.2
2024-09-19,600036,31.2,30.82,31.23,30.63,451191,1393040942.0,1.93,-0.93,-0.29,0.22
2024-09-20,600036,30.82,30.94,31.11,30.66,487418,1505998312.0,1.46,0.39,0.12,0.24
2024-09-23,600036,30.85,31.39,31.49,30.84,344609,1076332365.0,2.1,1.45,0.45,0.17
2024-09-24,600036,31.68,33.13,33.14,31.67,1361218,4427310186.0,4.68,5.54,1.74,0.66
2024-09-25,600036,33.85,34.15,34.49,33.7,1856243,6327661421.0,2.38,3.08,1.02,0.9
2024-09-26,600036,34.16,35.38,35.38,33.91,1745330,6068657572.0,4.3,3.6,1.23,0.85
2024-09-27,600036,36.11,35.63,36.5,34.91,745458,2653812670.0,4.49,0.71,0.25,0.36
2024-09-30,600036,36.35,37.61,38.0,35.92,2561013,9443438268.0,5.84,5.56,1.98,1.24
2024-10-08,600036,41.37,40.0,41.37,38.82,2973039,11999361938.0,6.78,6.35,2.39,1.44
2024-10-09,600036,39.7,37.01,39.72,37.01,1855932,7113813985.0,6.78,-7.48,-2.99,0.9
2024-10-10,600036,37.4,38.73,39.5,37.4,1433298,5528664144.0,5.67,4.65,1.72,0.69
2024-10-11,600036,38.73,38.43,39.22,38.03,903476,3498241860.0,3.07,-0.77,-0.3,0.44
2024-10-14,600036,39.01,39.33,39.8,38.69,1292938,5076841420.0,2.89,2.34,0.9,0.63
2024-10-15,600036,39.17,38.5,39.99,38.5,955977,3755705942.0,3.79,-2.11,-0.83,0.46
2024-10-16,600036,38.15,39.5,39.5,38.13,1012548,3963555265.0,3.56,2.6,1.0,0.49
2024-10-17,600036,39.53,38.49,39.79,38.49,848922,3315820471.0,3.29,-2.56,-1.01,0.41
2024-10-18,600036,38.51,39.05,39.43,38.21,928194,3603949498.0,3.17,1.45,0.56,0.45
2024-10-21,600036,39.15,38.85,39.15,38.5,717539,2780905731.0,1.66,-0.51,-0.2,0.35
2024-10-22,600036,38.84,39.17,39.6,38.75,600526,2352800199.0,2.19,0.82,0.32,0.29
2024-10-23,600036,39.06,39.66,39.94,39.02,627100,2482861345.0,2.35,1.25,0.49,0.3
2024-10-24,600036,39.55,39.31,39.68,39.14,336312,1323826643.0,1.36,-0.88,-0.35,0.16
2024-10-25,600036,39.25,39.1,39.49,39.06,447931,1756222719.0,1.09,-0.53,-0.21,0.22
2024-10-28,600036,39.01,38.52,39.1,38.28,664641,2559210507.0,2.1,-1.48,-0.58,0.32
2024-10-29,600036,38.6,38.6,39.1,38.41,514682,1990283154.0,1.79,0.21,0.08,0.25
2024-10-30,600036,38.51,37.88,38.9,37.61,703408,2680423056.0,3.34,-1.87,-0.72,0.34
2024-10-31,600036,37.8,37.36,37.99,36.91,850393,3173924099.0,2.85,-1.37,-0.52,0.41
2024-11-01,600036,37.44,38.01,38.3,37.38,703102,2671523515.0,2.46,1.74,0.65,0.34
2024-11-04,600036,38.1,38.75,38.75,37.41,646612,2466019719.0,3.53,1.95,0.74,0.31
2024-11-05,600036,38.43,39.08,39.1,38.4,628745,2445317943.0,1.81,0.85,0.33,0.3
2024-11-06,600036,39.0,38.56,39.08,38.15,648336,2501077845.0,2.38,-1.33,-0.52,0.31
2024-11-07,600036,38.42,39.57,39.58,38.38,743472,2904874006.0,3.11,2.62,1.01,0.36
2024-11-08,600036,39.68,38.8,39.85,38.75,745368,2920926027.0,2.78,-1.95,-0.77,0.36
2024-11-11,600036,38.3,38.33,38.7,37.89,703146,2682610299.0,2.09,-1.21,-0.47,0.34
2024-11-12,600036,38.19,37.59,38.84,37.51,893289,3399364219.0,3.47,-1.93,-0.74,0.43
2024-11-13,600036,37.59,37.82,37.98,37.51,485304,1833809094.0,1.25,0.61,0.23,0.24
2024-11-14,600036,37.66,38.06,38.48,37.53,676440,2585688546.0,2.51,0.63,0.24,0.33
2024-11-15,600036,38.08,37.82,38.57,37.81,699277,2671344642.0,2.0,-0.63,-0.24,0.34
2024-11-18,600036,38.05,37.9,38.66,37.8,763448,2918992440.0,2.27,0.21,0.08,0.37
2024-11-19,600036,37.91,37.72,38.18,37.45,521249,1967719175.0,1.93,-0.47,-0.18,0.25
2024-11-20,600036,37.8,37.48,37.85,37.4,451291,1693331536.0,1.19,-0.64,-0.24,0.22
2024-11-21,600036,37.48,37.43,37.66,37.27,350336,1309684433.0,1.04,-0.13,-0.05,0.17
2024-11-22,600036,37.43,36.45,37.55,36.36,690491,2544524441.0,3.18,-2.62,-0.98,0.33
2024-11-25,600036,36.7,36.22,36.86,36.12,534095,1945383410.0,2.03,-0.63,-0.23,0.26
2024-11-26,600036,36.03,36.39,36.58,35.84,459421,1666651768.0,2.04,0.47,0.17,0.22
2024-11-27,600036,36.39,36.6,36.68,36.11,392077,1429782933.0,1.57,0.58,0.21,0.19
2024-11-28,600036,36.6,36.47,36.85,36.18,451939,1647865702.0,1.83,-0.36,-0.13,0.22
2024-11-29,600036,36.59,36.34,37.0,36.31,664380,2437776752.0,1.89,-0.36,-0.13,0.32
2024-12-02,600036,36.45,36.51,36.68,36.2,424652,1548959360.0,1.32,0.47,0.17,0.21
2024-12-03,600036,36.65,37.12,37.22,36.38,721986,2658919819.0,2.3,1.67,0.61,0.35
2024-12-04,600036,37.09,36.81,37.09,36.53,620511,2285383469.0,1.51,-0.84,-0.31,0.3
2024-12-05,600036,36.66,36.91,37.36,36.61,568949,2108115265.0,2.04,0.27,0.1,0.28
2024-12-06,600036,37.01,37.7,37.82,37.01,877236,3296793042.0,2.19,2.14,0.79,0.43
2024-12-09,600036,37.59,37.7,37.99,37.35,492995,1859542283.0,1.7,0.0,0.0,0.24
2024-12-10,600036,38.8,38.6,38.99,38.4,1038953,4022695501.0,1.56,2.39,0.9,0.5
2024-12-11,600036,38.54,38.3,38.79,38.23,517709,1988895959.0,1.45,-0.78,-0.3,0.25
2024-12-12,600036,38.29,38.8,38.83,38.21,586889,2267252621.0,1.62,1.31,0.5,0.28
2024-12-13,600036,38.45,37.3,38.6,37.28,1117983,4213094969.0,3.4,-3.87,-1.5,0.54
2024-12-16,600036,37.35,37.74,37.78,37.32,640316,2409086954.0,1.23,1.18,0.44,0.31
2024-12-17,600036,37.54,37.85,38.16,37.54,603104,2287237539.0,1.64,0.29,0.11,0.29
2024-12-18,600036,38.02,38.52,38.66,37.86,805855,3101731956.0,2.11,1.77,0.67,0.39
2024-12-19,600036,38.38,38.02,38.53,38.0,611196,2336249857.0,1.38,-1.3,-0.5,0.3
2024-12-20,600036,38.05,37.91,38.28,37.86,542150,2060744582.0,1.1,-0.29,-0.11,0.26
2024-12-23,600036,37.99,38.35,38.7,37.98,902692,3473126152.0,1.9,1.16,0.44,0.44
2024-12-24,600036,38.35,39.22,39.29,38.32,993428,3875223368.0,2.53,2.27,0.87,0.48
2024-12-25,600036,39.23,39.4,39.56,38.99,755913,2972981821.0,1.45,0.46,0.18,0.37
2024-12-26,600036,39.4,39.48,39.54,39.01,539252,2125139425.0,1.35,0.2,0.08,0.26
2024-12-27,600036,39.48,39.34,39.64,38.78,700320,2742768758.0,2.18,-0.35,-0.14,0.34
2024-12-30,600036,39.34,39.62,39.8,39.25,678845,2690314729.0,1.4,0.71,0.28,0.33
2024-12-31,600036,39.56,39.3,39.9,39.3,643717,2549055494.0,1.51,-0.81,-0.32,0.31
